node_id,trip_id,event_day,split,y_match,candidate_eligible,candidate_degree,p_prevalence,p_rule_graph,p_ai_graph,p_rule,p_ai,rule_node_hazard,ai_node_hazard,_source_file
0,syn-0-00-p00-0,2026-01-20,train,1,True,11,0.6666666666666666,0.9999989916403943,0.9998149575213438,0.9999989916403943,0.9998149575213438,13.80718570027627,8.594925144885105,synthetic_chicago_authorized_2026-01-20.csv
1,syn-0-00-p00-1,2026-01-20,train,1,True,11,0.6666666666666666,0.9999990819040473,0.9997677605015118,0.9999990819040473,0.9997677605015118,13.900963928158895,8.36774139770539,synthetic_chicago_authorized_2026-01-20.csv
2,syn-0-00-p01-0,2026-01-20,train,1,True,11,0.6666666666666666,0.9999997910974687,0.9998289645159743,0.9999997910974687,0.9998289645159743,15.381398051344686,8.673639514065911,synthetic_chicago_authorized_2026-01-20.csv
3,syn-0-00-p01-1,2026-01-20,train,1,True,11,0.6666666666666666,0.9999998338931145,0.9998436480732217,0.9999998338931145,0.9998436480732217,15.610634367310173,8.763401150642085,synthetic_chicago_authorized_2026-01-20.csv
4,syn-0-00-p02-0,2026-01-20,train,1,True,11,0.6666666666666666,0.991167792960771,0.9411189914156411,0.991167792960771,0.9411189914156411,4.729350347780459,2.8322366752184336,synthetic_chicago_authorized_2026-01-20.csv
5,syn-0-00-p02-1,2026-01-20,train,1,True,11,0.6666666666666666,0.9914750723526993,0.9243427179077542,0.9914750723526993,0.9243427179077542,4.764760742968717,2.5815415830732182,synthetic_chicago_authorized_2026-01-20.csv
6,syn-0-00-p03-0,2026-01-20,train,1,True,11,0.6666666666666666,0.999950414367803,0.997176613665573,0.999950414367803,0.997176613665573,9.911809439643482,5.869818286638171,synthetic_chicago_authorized_2026-01-20.csv
7,syn-0-00-p03-1,2026-01-20,train,1,True,11,0.6666666666666666,0.9998420176655455,0.9966934413177037,0.9998420176655455,0.9966934413177037,8.753027338437724,5.711847303450322,synthetic_chicago_authorized_2026-01-20.csv
8,syn-0-00-u00,2026-01-20,train,0,True,11,0.6666666666666666,0.0050067986690876184,0.017504903746020123,0.0050067986690876184,0.017504903746020123,0.005019374680142082,0.0176599263412731,synthetic_chicago_authorized_2026-01-20.csv
9,syn-0-00-u01,2026-01-20,train,0,True,11,0.6666666666666666,0.24168217709657094,0.12128809969857869,0.24168217709657094,0.12128809969857869,0.2766526897885273,0.12929819349543153,synthetic_chicago_authorized_2026-01-20.csv
10,syn-0-00-u02,2026-01-20,train,0,True,11,0.6666666666666666,0.256548374628599,0.12132258377928545,0.256548374628599,0.12132258377928545,0.2964515785861315,0.1293374381640852,synthetic_chicago_authorized_2026-01-20.csv
11,syn-0-00-u03,2026-01-20,train,0,True,11,0.6666666666666666,0.06544195707944607,0.029403755400749278,0.06544195707944607,0.029403755400749278,0.06768154281089543,0.029844711172379582,synthetic_chicago_authorized_2026-01-20.csv
12,syn-0-01-p00-0,2026-01-20,train,1,True,11,0.6666666666666666,0.9998285676526321,0.9975022565992427,0.9998285676526321,0.9975022565992427,8.671321845173033,5.992367594429583,synthetic_chicago_authorized_2026-01-20.csv
13,syn-0-01-p00-1,2026-01-20,train,1,True,11,0.6666666666666666,0.9998699505838026,0.9975163063567429,0.9998699505838026,0.9975163063567429,8.947596055141837,5.998008454539038,synthetic_chicago_authorized_2026-01-20.csv
14,syn-0-01-p01-0,2026-01-20,train,1,True,11,0.6666666666666666,0.9999992036624598,0.9999969391984529,0.9999992036624598,0.9999969391984529,14.043242695462396,12.696833732813666,synthetic_chicago_authorized_2026-01-20.csv
15,syn-0-01-p01-1,2026-01-20,train,1,True,11,0.6666666666666666,0.9999994710635108,0.9999971945214245,0.9999994710635108,0.9999971945214245,14.4523974705505,12.783936418403892,synthetic_chicago_authorized_2026-01-20.csv
16,syn-0-01-p02-0,2026-01-20,train,1,True,11,0.6666666666666666,0.9999344250388338,0.9998572168011108,0.9999344250388338,0.9998572168011108,9.632316624415669,8.854183169818668,synthetic_chicago_authorized_2026-01-20.csv
17,syn-0-01-p02-1,2026-01-20,train,1,True,11,0.6666666666666666,0.998197630652932,0.999604548161685,0.998197630652932,0.999604548161685,6.3186531757218685,7.835481552343563,synthetic_chicago_authorized_2026-01-20.csv
18,syn-0-01-p03-0,2026-01-20,train,1,True,11,0.6666666666666666,0.9995641248204371,0.999928825250566,0.9995641248204371,0.999928825250566,7.738154641008894,9.550372445228174,synthetic_chicago_authorized_2026-01-20.csv
19,syn-0-01-u00,2026-01-20,train,0,True,11,0.6666666666666666,0.050777112074334566,0.014519405944449514,0.050777112074334566,0.014519405944449514,0.05211164185234144,0.014625844054017477,synthetic_chicago_authorized_2026-01-20.csv
20,syn-0-01-u01,2026-01-20,train,0,True,11,0.6666666666666666,0.17343139240424438,0.1439075366877161,0.17343139240424438,0.1439075366877161,0.19047235537095297,0.15537689078572484,synthetic_chicago_authorized_2026-01-20.csv
21,syn-0-01-u02,2026-01-20,train,0,True,11,0.6666666666666666,0.13250874764727788,0.15064366026415615,0.13250874764727788,0.15064366026415615,0.1421498509552239,0.1632764637239832,synthetic_chicago_authorized_2026-01-20.csv
22,syn-0-01-u03,2026-01-20,train,0,True,11,0.6666666666666666,0.05478268124379133,0.03328233220622452,0.05478268124379133,0.03328233220622452,0.05634041098895036,0.033848793280765656,synthetic_chicago_authorized_2026-01-20.csv
23,syn-0-01-p03-1,2026-01-20,train,1,True,11,0.6666666666666666,0.00017279154736874456,0.9999074452298846,0.00017279154736874456,0.9999074452298846,0.0001728064775480629,9.287709979318453,synthetic_chicago_authorized_2026-01-20.csv
24,syn-0-02-p00-0,2026-01-20,train,1,True,11,0.6666666666666666,0.9997003528703114,0.9933685967812662,0.9997003528703114,0.9933685967812662,8.112905009986026,5.015938850310559,synthetic_chicago_authorized_2026-01-20.csv
25,syn-0-02-p00-1,2026-01-20,train,1,True,11,0.6666666666666666,0.9637546918238423,0.8079282122165251,0.9637546918238423,0.8079282122165251,3.317445335681425,1.6498860821299646,synthetic_chicago_authorized_2026-01-20.csv
26,syn-0-02-p01-0,2026-01-20,train,1,True,11,0.6666666666666666,0.9999990970036178,0.9998927935839986,0.9999990970036178,0.9998927935839986,13.917547289908594,9.140754460359899,synthetic_chicago_authorized_2026-01-20.csv
27,syn-0-02-p01-1,2026-01-20,train,1,True,11,0.6666666666666666,0.9999978777035216,0.9998475947533155,0.9999978777035216,0.9998475947533155,13.063011811027895,8.788967488240852,synthetic_chicago_authorized_2026-01-20.csv
28,syn-0-02-p02-0,2026-01-20,train,1,True,11,0.6666666666666666,0.9991837955409024,0.9937297430574333,0.9991837955409024,0.9937297430574333,7.11084567176617,5.071937945501244,synthetic_chicago_authorized_2026-01-20.csv
29,syn-0-02-p02-1,2026-01-20,train,1,True,11,0.6666666666666666,0.9994719588091587,0.9972676668082034,0.9994719588091587,0.9972676668082034,7.54633626434385,5.902599385780054,synthetic_chicago_authorized_2026-01-20.csv
30,syn-0-02-p03-0,2026-01-20,train,1,True,11,0.6666666666666666,0.9998654753423585,0.9951428503270028,0.9998654753423585,0.9951428503270028,8.913763047535227,5.327303500158139,synthetic_chicago_authorized_2026-01-20.csv
31,syn-0-02-p03-1,2026-01-20,train,1,True,11,0.6666666666666666,0.9999988264371612,0.9998726024069492,0.9999988264371612,0.9998726024069492,13.655466274885892,8.9681977078557,synthetic_chicago_authorized_2026-01-20.csv
32,syn-0-02-u00,2026-01-20,train,0,True,11,0.6666666666666666,0.007073799212896029,0.011755678541951878,0.007073799212896029,0.011755678541951878,0.0070989371478308565,0.01182532287998578,synthetic_chicago_authorized_2026-01-20.csv
33,syn-0-02-u01,2026-01-20,train,0,True,11,0.6666666666666666,0.021241927450401953,0.06639138203645599,0.021241927450401953,0.06639138203645599,0.021470783895455967,0.06869796715742525,synthetic_chicago_authorized_2026-01-20.csv
34,syn-0-02-u02,2026-01-20,train,0,True,11,0.6666666666666666,0.13880901592309944,0.07596808798599175,0.13880901592309944,0.07596808798599175,0.1494389825703008,0.0790086711251376,synthetic_chicago_authorized_2026-01-20.csv
35,syn-0-02-u03,2026-01-20,train,0,True,11,0.6666666666666666,0.02106122607109965,0.021931751051977002,0.02106122607109965,0.021931751051977002,0.021286177805763855,0.022175827181691244,synthetic_chicago_authorized_2026-01-20.csv
36,syn-0-03-p00-0,2026-01-20,train,1,True,11,0.6666666666666666,0.9999930842568873,0.9998690289478748,0.9999930842568873,0.9998690289478748,11.88171013474803,8.940534235325313,synthetic_chicago_authorized_2026-01-20.csv
37,syn-0-03-p00-1,2026-01-20,train,1,True,11,0.6666666666666666,0.9999700606702018,0.9995670140999006,0.9999700606702018,0.9995670140999006,10.41633756405048,7.744805393772845,synthetic_chicago_authorized_2026-01-20.csv
38,syn-0-03-p01-0,2026-01-20,train,1,True,11,0.6666666666666666,0.9994870234990477,0.9964982652908561,0.9994870234990477,0.9964982652908561,7.575280520953292,5.654496802087342,synthetic_chicago_authorized_2026-01-20.csv
39,syn-0-03-p01-1,2026-01-20,train,1,True,11,0.6666666666666666,0.9977573772889059,0.9903924190454153,0.9977573772889059,0.9903924190454153,6.1001092448622005,4.645202809374496,synthetic_chicago_authorized_2026-01-20.csv
40,syn-0-03-p02-0,2026-01-20,train,1,True,11,0.6666666666666666,0.9999692124180963,0.9996868016180546,0.9999692124180963,0.9996868016180546,10.388399134232051,8.068673760063344,synthetic_chicago_authorized_2026-01-20.csv
41,syn-0-03-p02-1,2026-01-20,train,1,True,11,0.6666666666666666,0.9993879973744042,0.9962971796198681,0.9993879973744042,0.9962971796198681,7.398773985272015,5.598660484807779,synthetic_chicago_authorized_2026-01-20.csv
42,syn-0-03-p03-0,2026-01-20,train,1,True,11,0.6666666666666666,0.9569642320464786,0.8906836590227081,0.9569642320464786,0.8906836590227081,3.1457236961805854,2.2135093892353375,synthetic_chicago_authorized_2026-01-20.csv
43,syn-0-03-p03-1,2026-01-20,train,1,True,11,0.6666666666666666,0.9902752776914846,0.9712475588604832,0.9902752776914846,0.9712475588604832,4.633083944279613,3.5490326061427737,synthetic_chicago_authorized_2026-01-20.csv
44,syn-0-03-u00,2026-01-20,train,0,True,11,0.6666666666666666,0.0017370309286234172,0.013606230566597368,0.0017370309286234172,0.013606230566597368,0.0017385413161602405,0.013699643622548989,synthetic_chicago_authorized_2026-01-20.csv
45,syn-0-03-u01,2026-01-20,train,0,True,11,0.6666666666666666,0.08849678406283513,0.12889682231357225,0.08849678406283513,0.12889682231357225,0.09266015668844217,0.13799485026309738,synthetic_chicago_authorized_2026-01-20.csv
46,syn-0-03-u02,2026-01-20,train,0,True,11,0.6666666666666666,0.7457811010381351,0.19228803167618214,0.7457811010381351,0.19228803167618214,1.3695595761695023,0.21354975886006358,synthetic_chicago_authorized_2026-01-20.csv
47,syn-0-03-u03,2026-01-20,train,0,True,11,0.6666666666666666,0.03222710462019973,0.024000664421820035,0.03222710462019973,0.024000664421820035,0.03275783144226027,0.024293373329337793,synthetic_chicago_authorized_2026-01-20.csv
48,syn-0-04-p00-0,2026-01-20,train,1,True,11,0.6666666666666666,0.999998125706316,0.9987500312289955,0.999998125706316,0.9987500312289955,13.187278671374694,6.684636711176441,synthetic_chicago_authorized_2026-01-20.csv
49,syn-0-04-p00-1,2026-01-20,train,1,True,11,0.6666666666666666,0.9999990683569042,0.9987297447019259,0.9999990683569042,0.9987297447019259,13.886316040057157,6.668537376608269,synthetic_chicago_authorized_2026-01-20.csv
50,syn-0-04-p01-0,2026-01-20,train,1,True,11,0.6666666666666666,0.9993756127404746,0.9939839277709129,0.9993756127404746,0.9939839277709129,7.378739773878624,5.113320686241935,synthetic_chicago_authorized_2026-01-20.csv
51,syn-0-04-p01-1,2026-01-20,train,1,True,11,0.6666666666666666,0.9991920641467574,0.9922182494700483,0.9991920641467574,0.9922182494700483,7.121027892145913,4.855973962251573,synthetic_chicago_authorized_2026-01-20.csv
52,syn-0-04-p02-0,2026-01-20,train,1,True,11,0.6666666666666666,0.9999999760483682,0.9999623908578158,0.9999999760483682,0.9999623908578158,17.54722938094353,10.188263393927187,synthetic_chicago_authorized_2026-01-20.csv
53,syn-0-04-p02-1,2026-01-20,train,1,True,11,0.6666666666666666,0.9999999949562625,0.9999816570446804,0.9999999949562625,0.9999816570446804,19.105118453969457,10.906264963463446,synthetic_chicago_authorized_2026-01-20.csv
54,syn-0-04-p03-0,2026-01-20,train,1,True,11,0.6666666666666666,0.9999999874946367,0.999950148428046,0.9999999874946367,0.999950148428046,18.197108221290957,9.906460528371507,synthetic_chicago_authorized_2026-01-20.csv
55,syn-0-04-p03-1,2026-01-20,train,1,True,11,0.6666666666666666,0.9999999917687635,0.99997126581912,0.9999999917687635,0.99997126581912,18.615329597795842,10.45742317241319,synthetic_chicago_authorized_2026-01-20.csv
56,syn-0-04-u00,2026-01-20,train,0,True,11,0.6666666666666666,0.046490383940599476,0.013188755096112257,0.046490383940599476,0.013188755096112257,0.04760576898003581,0.013276499069721618,synthetic_chicago_authorized_2026-01-20.csv
57,syn-0-04-u01,2026-01-20,train,0,True,11,0.6666666666666666,0.06372596890469391,0.11757670166072418,0.06372596890469391,0.11757670166072418,0.0658470770885945,0.1250834080150748,synthetic_chicago_authorized_2026-01-20.csv
58,syn-0-04-u02,2026-01-20,train,0,True,11,0.6666666666666666,0.11621514473790169,0.09941438575730435,0.11621514473790169,0.09941438575730435,0.12354162236567713,0.10471004476800934,synthetic_chicago_authorized_2026-01-20.csv
59,syn-0-04-u03,2026-01-20,train,0,True,11,0.6666666666666666,0.08539029958124952,0.03928125189405883,0.08539029958124952,0.03928125189405883,0.08925786162729595,0.04007357870956022,synthetic_chicago_authorized_2026-01-20.csv
60,syn-0-05-p00-0,2026-01-20,train,1,True,11,0.6666666666666666,0.9997397403782106,0.9994433251525269,0.9997397403782106,0.9994433251525269,8.253830879819683,7.493529245270133,synthetic_chicago_authorized_2026-01-20.csv
61,syn-0-05-p00-1,2026-01-20,train,1,True,11,0.6666666666666666,0.9996867552633343,0.9992239287218326,0.9996867552633343,0.9992239287218326,8.068525766673385,7.1612661886908,synthetic_chicago_authorized_2026-01-20.csv
62,syn-0-05-p01-0,2026-01-20,train,1,True,11,0.6666666666666666,0.999818210767615,0.9975113542443873,0.999818210767615,0.9975113542443873,8.612662605780482,5.996016589706127,synthetic_chicago_authorized_2026-01-20.csv
63,syn-0-05-p01-1,2026-01-20,train,1,True,11,0.6666666666666666,0.9998494702294048,0.9979335657431178,0.9998494702294048,0.9979335657431178,8.801349682073779,6.181930738270185,synthetic_chicago_authorized_2026-01-20.csv
64,syn-0-05-p02-0,2026-01-20,train,1,True,11,0.6666666666666666,0.9244010249072298,0.9091096855908756,0.9244010249072298,0.9091096855908756,2.5823125528624855,2.3981018356306345,synthetic_chicago_authorized_2026-01-20.csv
65,syn-0-05-p02-1,2026-01-20,train,1,True,11,0.6666666666666666,0.9764470489877592,0.8994726140493388,0.9764470489877592,0.8994726140493388,3.7485041579947436,2.297325091582072,synthetic_chicago_authorized_2026-01-20.csv
66,syn-0-05-p03-0,2026-01-20,train,1,True,11,0.6666666666666666,0.6611869711381148,0.9192370566128725,0.6611869711381148,0.9192370566128725,1.082306861034895,2.5162370401005094,synthetic_chicago_authorized_2026-01-20.csv
67,syn-0-05-p03-1,2026-01-20,train,1,True,11,0.6666666666666666,0.9977855479921252,0.9980622450969142,0.9977855479921252,0.9980622450969142,6.112750306601538,6.246225242507403,synthetic_chicago_authorized_2026-01-20.csv
68,syn-0-05-u00,2026-01-20,train,0,True,11,0.6666666666666666,0.002334828695077655,0.01170028445041542,0.002334828695077655,0.01170028445041542,0.0023375586577532807,0.011769271417924936,synthetic_chicago_authorized_2026-01-20.csv
69,syn-0-05-u01,2026-01-20,train,0,True,11,0.6666666666666666,0.14384119079011587,0.08185797863371154,0.14384119079011587,0.08185797863371154,0.15529939527008627,0.08540319295691313,synthetic_chicago_authorized_2026-01-20.csv
70,syn-0-05-u02,2026-01-20,train,0,True,11,0.6666666666666666,0.13064200876139062,0.12034341393726422,0.13064200876139062,0.12034341393726422,0.14000028085111613,0.12822369078507087,synthetic_chicago_authorized_2026-01-20.csv
71,syn-0-05-u03,2026-01-20,train,0,True,11,0.6666666666666666,0.05237593942742103,0.02766473805167788,0.05237593942742103,0.02766473805167788,0.05379741595550332,0.028054614292903013,synthetic_chicago_authorized_2026-01-20.csv
72,syn-0-06-p00-0,2026-01-20,train,1,True,11,0.6666666666666666,0.9999999925484371,0.999980201202311,0.9999999925484371,0.999980201202311,18.714842038277414,10.829889344883389,synthetic_chicago_authorized_2026-01-20.csv
73,syn-0-06-p00-1,2026-01-20,train,1,True,11,0.6666666666666666,0.9999999966365682,0.9999852548908869,0.9999999966365682,0.9999852548908869,19.510304019338008,11.124599115711753,synthetic_chicago_authorized_2026-01-20.csv
74,syn-0-06-p01-0,2026-01-20,train,1,True,11,0.6666666666666666,0.9999804097529671,0.9929151872130559,0.9999804097529671,0.9929151872130559,10.84047871593435,4.949801830049723,synthetic_chicago_authorized_2026-01-20.csv
75,syn-0-06-p01-1,2026-01-20,train,1,True,11,0.6666666666666666,0.9999985851290532,0.9981647351809275,0.9999985851290532,0.9981647351809275,13.468472234632204,6.30056649231728,synthetic_chicago_authorized_2026-01-20.csv
76,syn-0-06-p02-0,2026-01-20,train,1,True,11,0.6666666666666666,0.9996017163371833,0.9927112566062043,0.9996017163371833,0.9927112566062043,7.828346085899631,4.921424121784597,synthetic_chicago_authorized_2026-01-20.csv
77,syn-0-06-p02-1,2026-01-20,train,1,True,11,0.6666666666666666,0.9995595179330656,0.9936973323393946,0.9995595179330656,0.9936973323393946,7.7276408241219565,5.066782297017978,synthetic_chicago_authorized_2026-01-20.csv
78,syn-0-06-p03-0,2026-01-20,train,1,True,11,0.6666666666666666,0.9999999987926661,0.9999862106831154,0.9999999987926661,0.9999862106831154,20.53485133097565,11.191616404398253,synthetic_chicago_authorized_2026-01-20.csv
79,syn-0-06-p03-1,2026-01-20,train,1,True,11,0.6666666666666666,0.9999999950382822,0.9999728371613709,0.9999999950382822,0.9999728371613709,19.121513821673055,10.513660745670093,synthetic_chicago_authorized_2026-01-20.csv
80,syn-0-06-u00,2026-01-20,train,0,True,11,0.6666666666666666,0.08246624415330392,0.02158107559872411,0.08246624415330392,0.02158107559872411,0.08606590861662293,0.0218173526035954,synthetic_chicago_authorized_2026-01-20.csv
81,syn-0-06-u01,2026-01-20,train,0,True,11,0.6666666666666666,0.12040000250763545,0.08856857206383448,0.12040000250763545,0.08856857206383448,0.12828802315241253,0.0927389176042849,synthetic_chicago_authorized_2026-01-20.csv
82,syn-0-06-u02,2026-01-20,train,0,True,11,0.6666666666666666,0.2495168191515034,0.12038609711944796,0.2495168191515034,0.12038609711944796,0.28703803875468276,0.12827221451403736,synthetic_chicago_authorized_2026-01-20.csv
83,syn-0-06-u03,2026-01-20,train,0,True,11,0.6666666666666666,0.026458395316699624,0.019858304043720968,0.026458395316699624,0.019858304043720968,0.026814717863471314,0.020058130058826198,synthetic_chicago_authorized_2026-01-20.csv
84,syn-0-07-p00-0,2026-01-20,train,1,True,11,0.6666666666666666,0.9999981302092481,0.9994193469728376,0.9999981302092481,0.9994193469728376,13.189684030737302,7.451357178883146,synthetic_chicago_authorized_2026-01-20.csv
85,syn-0-07-p00-1,2026-01-20,train,1,True,11,0.6666666666666666,0.9999980350908071,0.9994236768089739,0.9999980350908071,0.9994236768089739,13.140064525993118,7.458841959092231,synthetic_chicago_authorized_2026-01-20.csv
86,syn-0-07-p01-0,2026-01-20,train,1,True,11,0.6666666666666666,0.999995554416836,0.99938997097161,0.999995554416836,0.99938997097161,12.32359950208687,7.4020040144045405,synthetic_chicago_authorized_2026-01-20.csv
87,syn-0-07-p01-1,2026-01-20,train,1,True,11,0.6666666666666666,0.9999947084310784,0.9983152026985828,0.9999947084310784,0.9983152026985828,12.149395773536988,6.386110018308777,synthetic_chicago_authorized_2026-01-20.csv
88,syn-0-07-p02-0,2026-01-20,train,1,True,11,0.6666666666666666,0.9937508305119739,0.9225815162811886,0.9937508305119739,0.9225815162811886,5.075306705979235,2.5585297191599023,synthetic_chicago_authorized_2026-01-20.csv
89,syn-0-07-p02-1,2026-01-20,train,1,True,11,0.6666666666666666,0.9999981098284692,0.9986433269677916,0.9999981098284692,0.9986433269677916,13.178842975973726,6.602719876161206,synthetic_chicago_authorized_2026-01-20.csv
90,syn-0-07-p03-0,2026-01-20,train,1,True,11,0.6666666666666666,0.9999998786869032,0.999901506640217,0.9999998786869032,0.999901506640217,15.924891056511617,9.225521425429177,synthetic_chicago_authorized_2026-01-20.csv
91,syn-0-07-p03-1,2026-01-20,train,1,True,11,0.6666666666666666,0.9999990339239091,0.9997327837562858,0.9999990339239091,0.9997327837562858,13.850023236765324,8.227452325806013,synthetic_chicago_authorized_2026-01-20.csv
92,syn-0-07-u00,2026-01-20,train,0,True,11,0.6666666666666666,0.10876300655314734,0.021539282484019692,0.10876300655314734,0.021539282484019692,0.11514490096813855,0.02177463856659942,synthetic_chicago_authorized_2026-01-20.csv
93,syn-0-07-u01,2026-01-20,train,0,True,11,0.6666666666666666,0.1562402312426067,0.14975653333026484,0.1562402312426067,0.14975653333026484,0.16988745907587932,0.16223253913525099,synthetic_chicago_authorized_2026-01-20.csv
94,syn-0-07-u02,2026-01-20,train,0,True,11,0.6666666666666666,0.058408871202308366,0.08627873638925057,0.058408871202308366,0.08627873638925057,0.06018414449326875,0.09022971726547933,synthetic_chicago_authorized_2026-01-20.csv
95,syn-0-07-u03,2026-01-20,train,0,True,11,0.6666666666666666,0.014362236532543406,0.016357213083210316,0.014362236532543406,0.016357213083210316,0.014466371730461319,0.016492469264139466,synthetic_chicago_authorized_2026-01-20.csv
96,syn-0-08-p00-0,2026-01-20,train,1,True,11,0.6666666666666666,0.9973419170530348,0.9994455080257295,0.9973419170530348,0.9994455080257295,5.9301501126447835,7.49745822509197,synthetic_chicago_authorized_2026-01-20.csv
97,syn-0-08-p00-1,2026-01-20,train,1,True,11,0.6666666666666666,0.9973419199759325,0.9995649134319561,0.9973419199759325,0.9995649134319561,5.9301512122716415,7.739965539677447,synthetic_chicago_authorized_2026-01-20.csv
98,syn-0-08-p01-0,2026-01-20,train,1,True,11,0.6666666666666666,0.9987003965672595,0.9995885221268254,0.9987003965672595,0.9995885221268254,6.645696112790467,7.795755310435955,synthetic_chicago_authorized_2026-01-20.csv
99,syn-0-08-p01-1,2026-01-20,train,1,True,11,0.6666666666666666,0.9340545351934852,0.9977082253579617,0.9340545351934852,0.9977082253579617,2.7189271693325145,6.078428808681755,synthetic_chicago_authorized_2026-01-20.csv
100,syn-0-08-p02-0,2026-01-20,train,1,True,11,0.6666666666666666,0.9994093876589281,0.9997375768900598,0.9994093876589281,0.9997375768900598,7.43435069305174,8.245552433354,synthetic_chicago_authorized_2026-01-20.csv
101,syn-0-08-p02-1,2026-01-20,train,1,True,11,0.6666666666666666,0.9993492721235542,0.9998168394997248,0.9993492721235542,0.9998168394997248,7.3374190116774525,8.605147738822598,synthetic_chicago_authorized_2026-01-20.csv
102,syn-0-08-p03-0,2026-01-20,train,1,True,11,0.6666666666666666,0.9968277815560652,0.9976319544193738,0.9968277815560652,0.9976319544193738,5.753324111270871,6.045690313570383,synthetic_chicago_authorized_2026-01-20.csv
103,syn-0-08-p03-1,2026-01-20,train,1,True,11,0.6666666666666666,0.9809633998673435,0.9651627637455625,0.9809633998673435,0.9651627637455625,3.9613918300247657,3.3570684569400813,synthetic_chicago_authorized_2026-01-20.csv
104,syn-0-08-u00,2026-01-20,train,0,True,11,0.6666666666666666,0.005886177727867601,0.02232110199021362,0.005886177727867601,0.02232110199021362,0.005903569553154668,0.022573988001187748,synthetic_chicago_authorized_2026-01-20.csv
105,syn-0-08-u01,2026-01-20,train,0,True,11,0.6666666666666666,0.005233965626755718,0.12411224803802579,0.005233965626755718,0.12411224803802579,0.0052477108070249886,0.13251733328570597,synthetic_chicago_authorized_2026-01-20.csv
106,syn-0-08-u02,2026-01-20,train,0,True,11,0.6666666666666666,0.1743068704794753,0.15646163561241846,0.1743068704794753,0.15646163561241846,0.1915320883872141,0.17014989565034505,synthetic_chicago_authorized_2026-01-20.csv
107,syn-0-08-u03,2026-01-20,train,0,True,11,0.6666666666666666,0.021904410466472294,0.02094993296878584,0.021904410466472294,0.02094993296878584,0.022147873914210633,0.021172496767235472,synthetic_chicago_authorized_2026-01-20.csv
108,syn-0-09-p00-0,2026-01-20,train,1,True,11,0.6666666666666666,0.9999808380726758,0.9993568839989874,0.9999808380726758,0.9993568839989874,10.862585199448862,7.349185444068322,synthetic_chicago_authorized_2026-01-20.csv
109,syn-0-09-p00-1,2026-01-20,train,1,True,11,0.6666666666666666,0.9999211504114319,0.9973497340449797,0.9999211504114319,0.9973497340449797,9.447968462475806,5.933095283634754,synthetic_chicago_authorized_2026-01-20.csv
110,syn-0-09-p01-0,2026-01-20,train,1,True,11,0.6666666666666666,0.9998746277287115,0.9949097331553377,0.9998746277287115,0.9949097331553377,8.984223076317473,5.28042502451639,synthetic_chicago_authorized_2026-01-20.csv
111,syn-0-09-p01-1,2026-01-20,train,1,True,11,0.6666666666666666,0.9997306697887585,0.9904486725532028,0.9997306697887585,0.9904486725532028,8.21957238010361,4.651075134484422,synthetic_chicago_authorized_2026-01-20.csv
112,syn-0-09-p02-0,2026-01-20,train,1,True,11,0.6666666666666666,0.9956509081440705,0.9469482003442636,0.9956509081440705,0.9469482003442636,5.437788224428624,2.9364864907324844,synthetic_chicago_authorized_2026-01-20.csv
113,syn-0-09-p02-1,2026-01-20,train,1,True,11,0.6666666666666666,0.9978709400401019,0.9922476880653541,0.9978709400401019,0.9922476880653541,6.152074730058197,4.859764165955847,synthetic_chicago_authorized_2026-01-20.csv
114,syn-0-09-p03-0,2026-01-20,train,1,True,11,0.6666666666666666,0.9994180158281163,0.9956095967973178,0.9994180158281163,0.9956095967973178,7.449067306678822,5.428334210399111,synthetic_chicago_authorized_2026-01-20.csv
115,syn-0-09-p03-1,2026-01-20,train,1,True,11,0.6666666666666666,0.9994347142924445,0.9960012323124772,0.9994347142924445,0.9960012323124772,7.478179277539901,5.521769043447351,synthetic_chicago_authorized_2026-01-20.csv
116,syn-0-09-u00,2026-01-20,train,0,True,11,0.6666666666666666,0.0014227870777036705,0.009607507315370783,0.0014227870777036705,0.009607507315370783,0.0014238002003237836,0.009653957164713279,synthetic_chicago_authorized_2026-01-20.csv
117,syn-0-09-u01,2026-01-20,train,0,True,11,0.6666666666666666,0.39165697349058054,0.20375854334485372,0.39165697349058054,0.20375854334485372,0.4970163677725127,0.22785280162880867,synthetic_chicago_authorized_2026-01-20.csv
118,syn-0-09-u02,2026-01-20,train,0,True,11,0.6666666666666666,0.11828242376388952,0.05509220824119285,0.11828242376388952,0.05509220824119285,0.1258834826020669,0.05666793110753561,synthetic_chicago_authorized_2026-01-20.csv
119,syn-0-09-u03,2026-01-20,train,0,True,11,0.6666666666666666,0.15112332115009178,0.03585995510048956,0.15112332115009178,0.03585995510048956,0.16384135781500758,0.03651872013092887,synthetic_chicago_authorized_2026-01-20.csv
120,syn-0-10-p00-0,2026-01-20,train,1,True,11,0.6666666666666666,0.6789927929875493,0.8451468093229525,0.6789927929875493,0.8451468093229525,1.1362917043519751,1.8652777678217174,synthetic_chicago_authorized_2026-01-20.csv
121,syn-0-10-p00-1,2026-01-20,train,1,True,11,0.6666666666666666,0.6789928257782436,0.8126845187840459,0.6789928257782436,0.8126845187840459,1.1362918065013827,1.6749610182977532,synthetic_chicago_authorized_2026-01-20.csv
122,syn-0-10-p01-0,2026-01-20,train,1,True,11,0.6666666666666666,0.9976873995485099,0.9985729746187187,0.9976873995485099,0.9985729746187187,6.069382651038923,6.55216315418361,synthetic_chicago_authorized_2026-01-20.csv
123,syn-0-10-p01-1,2026-01-20,train,1,True,11,0.6666666666666666,0.9235409127800751,0.9942375832849002,0.9235409127800751,0.9942375832849002,2.5709994887929124,5.156398323674907,synthetic_chicago_authorized_2026-01-20.csv
124,syn-0-10-p02-0,2026-01-20,train,1,True,11,0.6666666666666666,0.9943895783655529,0.9872110655085938,0.9943895783655529,0.9872110655085938,5.183129404616272,4.359174974804906,synthetic_chicago_authorized_2026-01-20.csv
125,syn-0-10-p02-1,2026-01-20,train,1,True,11,0.6666666666666666,0.9688235202611902,0.8321170339428061,0.9688235202611902,0.8321170339428061,3.4680913229832364,1.784488172950673,synthetic_chicago_authorized_2026-01-20.csv
126,syn-0-10-p03-0,2026-01-20,train,1,True,11,0.6666666666666666,0.999882318570379,0.9979895620537883,0.999882318570379,0.9979895620537883,9.047529333368107,6.209402696956959,synthetic_chicago_authorized_2026-01-20.csv
127,syn-0-10-p03-1,2026-01-20,train,1,True,11,0.6666666666666666,0.9999178694852309,0.9981092269857147,0.9999178694852309,0.9981092269857147,9.407200932495881,6.2707695312618705,synthetic_chicago_authorized_2026-01-20.csv
128,syn-0-10-u00,2026-01-20,train,0,True,11,0.6666666666666666,0.0033274950544238207,0.012070536159826407,0.0033274950544238207,0.012070536159826407,0.003333043477745572,0.012143976657180016,synthetic_chicago_authorized_2026-01-20.csv
129,syn-0-10-u01,2026-01-20,train,0,True,11,0.6666666666666666,0.004168840589290361,0.032256819858901636,0.004168840589290361,0.032256819858901636,0.004177554431397679,0.03278853667801631,synthetic_chicago_authorized_2026-01-20.csv
130,syn-0-10-u02,2026-01-20,train,0,True,11,0.6666666666666666,0.03578787534366243,0.08706204667872612,0.03578787534366243,0.08706204667872612,0.036443962254231174,0.0910873598188669,synthetic_chicago_authorized_2026-01-20.csv
131,syn-0-10-u03,2026-01-20,train,0,True,11,0.6666666666666666,0.02132560236588374,0.017694615905649375,0.02132560236588374,0.017694615905649375,0.02155627845714054,0.01785303720633679,synthetic_chicago_authorized_2026-01-20.csv
132,syn-0-11-p00-1,2026-01-20,train,1,True,11,0.6666666666666666,0.005390510501987082,0.9979903606157635,0.005390510501987082,0.9979903606157635,0.005405091727495802,6.209799983834827,synthetic_chicago_authorized_2026-01-20.csv
133,syn-0-11-p00-0,2026-01-20,train,1,True,11,0.6666666666666666,0.7121498471898644,0.996148387780037,0.7121498471898644,0.996148387780037,1.2453152369932172,5.55926345990534,synthetic_chicago_authorized_2026-01-20.csv
134,syn-0-11-p01-0,2026-01-20,train,1,True,11,0.6666666666666666,0.9976953626652685,0.9976638419806466,0.9976953626652685,0.9976638419806466,6.072831953423811,6.059247571032839,synthetic_chicago_authorized_2026-01-20.csv
135,syn-0-11-p01-1,2026-01-20,train,1,True,11,0.6666666666666666,0.9858280007376177,0.9926755315410769,0.9858280007376177,0.9926755315410769,4.256487144026448,4.91653469204673,synthetic_chicago_authorized_2026-01-20.csv
136,syn-0-11-p02-0,2026-01-20,train,1,True,11,0.6666666666666666,0.9999994164311075,0.9999743027747378,0.9999994164311075,0.9999743027747378,14.354103324340333,10.569127538340103,synthetic_chicago_authorized_2026-01-20.csv
137,syn-0-11-p02-1,2026-01-20,train,1,True,11,0.6666666666666666,0.999999486374129,0.9999818359822721,0.999999486374129,0.9999818359822721,14.481770713977365,10.916067968737801,synthetic_chicago_authorized_2026-01-20.csv
138,syn-0-11-p03-0,2026-01-20,train,1,True,11,0.6666666666666666,0.9999991315365248,0.9999470547060864,0.9999991315365248,0.9999470547060864,13.956540307082797,9.846251367795386,synthetic_chicago_authorized_2026-01-20.csv
139,syn-0-11-p03-1,2026-01-20,train,1,True,11,0.6666666666666666,0.999999107161668,0.999936828066656,0.999999107161668,0.999936828066656,13.92886031158191,9.669650448107484,synthetic_chicago_authorized_2026-01-20.csv
140,syn-0-11-u00,2026-01-20,train,0,True,11,0.6666666666666666,0.001865079436002066,0.009365185981994723,0.001865079436002066,0.009365185981994723,0.0018668208622557628,0.009409315070417297,synthetic_chicago_authorized_2026-01-20.csv
141,syn-0-11-u01,2026-01-20,train,0,True,11,0.6666666666666666,0.10702882706921885,0.08545233592265049,0.10702882706921885,0.08545233592265049,0.11320097977922633,0.08932569214054632,synthetic_chicago_authorized_2026-01-20.csv
142,syn-0-11-u02,2026-01-20,train,0,True,11,0.6666666666666666,0.06197894991236948,0.07581722685713208,0.06197894991236948,0.07581722685713208,0.06398288876968986,0.07884542046989036,synthetic_chicago_authorized_2026-01-20.csv
143,syn-0-11-u03,2026-01-20,train,0,True,11,0.6666666666666666,0.021994626973879543,0.020898623456518335,0.021994626973879543,0.020898623456518335,0.022240115070672375,0.02112009069573614,synthetic_chicago_authorized_2026-01-20.csv
144,syn-0-12-p00-0,2026-01-20,train,1,True,11,0.6666666666666666,0.9960896712053743,0.9989202493079461,0.9960896712053743,0.9989202493079461,5.544133817823173,6.83102510518469,synthetic_chicago_authorized_2026-01-20.csv
145,syn-0-12-p00-1,2026-01-20,train,1,True,11,0.6666666666666666,0.9965371385913173,0.9991164376175785,0.9965371385913173,0.9991164376175785,5.665660034956774,7.031548660410277,synthetic_chicago_authorized_2026-01-20.csv
146,syn-0-12-p01-0,2026-01-20,train,1,True,11,0.6666666666666666,0.9994380845123582,0.9995452808480767,0.9994380845123582,0.9995452808480767,7.484159097239905,7.6958305781098595,synthetic_chicago_authorized_2026-01-20.csv
147,syn-0-12-p01-1,2026-01-20,train,1,True,11,0.6666666666666666,0.9994509482518668,0.9995096037080965,0.9994509482518668,0.9995096037080965,7.50731786200194,7.620296734742246,synthetic_chicago_authorized_2026-01-20.csv
148,syn-0-12-p02-0,2026-01-20,train,1,True,11,0.6666666666666666,0.9991352584260756,0.9885362989223067,0.9991352584260756,0.9885362989223067,7.053079854138549,4.468569663665957,synthetic_chicago_authorized_2026-01-20.csv
149,syn-0-12-p02-1,2026-01-20,train,1,True,11,0.6666666666666666,0.9986382470086247,0.9855031389204056,0.9986382470086247,0.9855031389204056,6.598982444988854,4.2338231302595455,synthetic_chicago_authorized_2026-01-20.csv
150,syn-0-12-p03-0,2026-01-20,train,1,True,11,0.6666666666666666,0.9990221151354828,0.9838738202441577,0.9990221151354828,0.9838738202441577,6.9301186203021485,4.127311255823584,synthetic_chicago_authorized_2026-01-20.csv
151,syn-0-12-p03-1,2026-01-20,train,1,True,11,0.6666666666666666,0.9989472133030501,0.9844411619256265,0.9989472133030501,0.9844411619256265,6.856314633348898,4.163126436903577,synthetic_chicago_authorized_2026-01-20.csv
152,syn-0-12-u00,2026-01-20,train,0,True,11,0.6666666666666666,0.11225322316055844,0.025574891195711248,0.11225322316055844,0.025574891195711248,0.11906873787300301,0.025907613881198152,synthetic_chicago_authorized_2026-01-20.csv
153,syn-0-12-u01,2026-01-20,train,0,True,11,0.6666666666666666,0.11141903384632386,0.17597915178443452,0.11141903384632386,0.17597915178443452,0.11812950874836815,0.19355944816025375,synthetic_chicago_authorized_2026-01-20.csv
154,syn-0-12-u02,2026-01-20,train,0,True,11,0.6666666666666666,0.04960593767882649,0.06749961101325481,0.04960593767882649,0.06749961101325481,0.050878577950960444,0.06988571032029078,synthetic_chicago_authorized_2026-01-20.csv
155,syn-0-12-u03,2026-01-20,train,0,True,11,0.6666666666666666,0.023398510976413902,0.02777197004656309,0.023398510976413902,0.02777197004656309,0.023676602654135903,0.028164903318146348,synthetic_chicago_authorized_2026-01-20.csv
156,syn-0-13-p00-1,2026-01-20,train,1,True,11,0.6666666666666666,0.036545088953391376,0.9964829903828631,0.036545088953391376,0.9964829903828631,0.03722958926828597,5.650144191022351,synthetic_chicago_authorized_2026-01-20.csv
157,syn-0-13-p01-0,2026-01-20,train,1,True,11,0.6666666666666666,0.06901385376951397,0.9990423409089828,0.06901385376951397,0.9990423409089828,0.07151088234157985,6.951018698212939,synthetic_chicago_authorized_2026-01-20.csv
158,syn-0-13-u00,2026-01-20,train,0,True,11,0.6666666666666666,0.018203319282169624,0.02640820871525123,0.018203319282169624,0.02640820871525123,0.018371038176865494,0.02676316864597709,synthetic_chicago_authorized_2026-01-20.csv
159,syn-0-13-u01,2026-01-20,train,0,True,11,0.6666666666666666,0.059868185052111764,0.10307798041472642,0.059868185052111764,0.10307798041472642,0.06173518488124186,0.10878635538992329,synthetic_chicago_authorized_2026-01-20.csv
160,syn-0-13-p00-0,2026-01-20,train,1,True,11,0.6666666666666666,0.8165513105431046,0.9978942366304991,0.8165513105431046,0.9978942366304991,1.6958202720771982,6.163077231744261,synthetic_chicago_authorized_2026-01-20.csv
161,syn-0-13-p01-1,2026-01-20,train,1,True,11,0.6666666666666666,0.8544782589437793,0.9989300339695015,0.8544782589437793,0.9989300339695015,1.9274297804662954,6.840128378209945,synthetic_chicago_authorized_2026-01-20.csv
162,syn-0-13-p02-0,2026-01-20,train,1,True,11,0.6666666666666666,0.997750255617268,0.986952058675648,0.997750255617268,0.986952058675648,6.09693867689435,4.339124910580949,synthetic_chicago_authorized_2026-01-20.csv
163,syn-0-13-p02-1,2026-01-20,train,1,True,11,0.6666666666666666,0.9981781341600988,0.990741771247441,0.9981781341600988,0.990741771247441,6.307894116279583,4.682242528041567,synthetic_chicago_authorized_2026-01-20.csv
164,syn-0-13-p03-0,2026-01-20,train,1,True,11,0.6666666666666666,0.9580520347763535,0.9886401601955831,0.9580520347763535,0.9886401601955831,3.1713253520451614,4.477670967512426,synthetic_chicago_authorized_2026-01-20.csv
165,syn-0-13-p03-1,2026-01-20,train,1,True,11,0.6666666666666666,0.9669242473123879,0.9864519178110135,0.9669242473123879,0.9864519178110135,3.408954812244978,4.3015102775417295,synthetic_chicago_authorized_2026-01-20.csv
166,syn-0-13-u02,2026-01-20,train,0,True,11,0.6666666666666666,0.3095154043303196,0.17341383121169343,0.3095154043303196,0.17341383121169343,0.37036161533213763,0.19045110969837292,synthetic_chicago_authorized_2026-01-20.csv
167,syn-0-13-u03,2026-01-20,train,0,True,11,0.6666666666666666,0.010794312852925998,0.0257901139160895,0.010794312852925998,0.0257901139160895,0.010852994112549101,0.02612850976146099,synthetic_chicago_authorized_2026-01-20.csv
168,syn-0-14-p00-0,2026-01-20,train,1,True,11,0.6666666666666666,0.9995428263762309,0.9971256164616017,0.9995428263762309,0.9971256164616017,7.690447318501623,5.851917049151076,synthetic_chicago_authorized_2026-01-20.csv
169,syn-0-14-p00-1,2026-01-20,train,1,True,11,0.6666666666666666,0.9995446110037957,0.9957567631514553,0.9995446110037957,0.9957567631514553,7.6943585675507835,5.462428893310058,synthetic_chicago_authorized_2026-01-20.csv
170,syn-0-14-p01-0,2026-01-20,train,1,True,11,0.6666666666666666,0.9996999802989165,0.9890482007097817,0.9996999802989165,0.9890482007097817,8.111662415186087,4.514251517477081,synthetic_chicago_authorized_2026-01-20.csv
171,syn-0-14-p01-1,2026-01-20,train,1,True,11,0.6666666666666666,0.9990243751656636,0.9916248590827064,0.9990243751656636,0.9916248590827064,6.932432436497058,4.7824873754670545,synthetic_chicago_authorized_2026-01-20.csv
172,syn-0-14-p02-0,2026-01-20,train,1,True,11,0.6666666666666666,0.9994840887819948,0.9922605564233639,0.9994840887819948,0.9922605564233639,7.569575865415797,4.861425483288155,synthetic_chicago_authorized_2026-01-20.csv
173,syn-0-14-p02-1,2026-01-20,train,1,True,11,0.6666666666666666,0.9995473238781297,0.9931237620335004,0.9995473238781297,0.9931237620335004,7.700333650947713,4.9796835837852775,synthetic_chicago_authorized_2026-01-20.csv
174,syn-0-14-p03-0,2026-01-20,train,1,True,11,0.6666666666666666,0.999103002209716,0.9825879995279109,0.999103002209716,0.9825879995279109,7.016457159360046,4.050595628179226,synthetic_chicago_authorized_2026-01-20.csv
175,syn-0-14-p03-1,2026-01-20,train,1,True,11,0.6666666666666666,0.9886956686926643,0.8885876906116057,0.9886956686926643,0.8885876906116057,4.482569325170975,2.1945174603904984,synthetic_chicago_authorized_2026-01-20.csv
176,syn-0-14-u00,2026-01-20,train,0,True,11,0.6666666666666666,0.06836845938388644,0.019116369039563617,0.06836845938388644,0.019116369039563617,0.07081788515164213,0.019301449327196456,synthetic_chicago_authorized_2026-01-20.csv
177,syn-0-14-u01,2026-01-20,train,0,True,11,0.6666666666666666,0.5638669955414853,0.16173551680696768,0.5638669955414853,0.16173551680696768,0.8298080260557428,0.17642161589298466,synthetic_chicago_authorized_2026-01-20.csv
178,syn-0-14-u02,2026-01-20,train,0,True,11,0.6666666666666666,0.07982690399558547,0.08176279732794259,0.07982690399558547,0.08176279732794259,0.08319347880574902,0.08529953102847454,synthetic_chicago_authorized_2026-01-20.csv
179,syn-0-14-u03,2026-01-20,train,0,True,11,0.6666666666666666,0.022395332445505615,0.022556191603684522,0.022395332445505615,0.022556191603684522,0.02264991607283421,0.02281447379150016,synthetic_chicago_authorized_2026-01-20.csv
180,syn-0-15-p00-0,2026-01-20,train,1,True,11,0.6666666666666666,0.9999999976565481,0.999994559164236,0.9999999976565481,0.999994559164236,19.871640849546246,12.121577875806151,synthetic_chicago_authorized_2026-01-20.csv
181,syn-0-15-p00-1,2026-01-20,train,1,True,11,0.6666666666666666,0.9999999997518317,0.9999987144242825,0.9999999997518317,0.9999987144242825,22.11691410632303,13.564303910759492,synthetic_chicago_authorized_2026-01-20.csv
182,syn-0-15-p01-0,2026-01-20,train,1,True,11,0.6666666666666666,0.9999886377245196,0.9994942168747898,0.9999886377245196,0.9994942168747898,11.385211858355222,7.589402586858577,synthetic_chicago_authorized_2026-01-20.csv
183,syn-0-15-p01-1,2026-01-20,train,1,True,11,0.6666666666666666,0.9999869175100705,0.9994939997844088,0.9999869175100705,0.9994939997844088,11.244235868466568,7.588973462607382,synthetic_chicago_authorized_2026-01-20.csv
184,syn-0-15-p02-0,2026-01-20,train,1,True,11,0.6666666666666666,0.9999999978745953,0.9999969753097303,0.9999999978745953,0.9999969753097303,19.969303571230203,12.708701861919462,synthetic_chicago_authorized_2026-01-20.csv
185,syn-0-15-p02-1,2026-01-20,train,1,True,11,0.6666666666666666,0.9999999949571279,0.999997125878103,0.9999999949571279,0.999997125878103,19.105290054840005,12.759763357498763,synthetic_chicago_authorized_2026-01-20.csv
186,syn-0-15-p03-0,2026-01-20,train,1,True,11,0.6666666666666666,0.9999980290895394,0.9991815599600007,0.9999980290895394,0.9991815599600007,13.13701495922287,7.108110419793276,synthetic_chicago_authorized_2026-01-20.csv
187,syn-0-15-p03-1,2026-01-20,train,1,True,11,0.6666666666666666,0.9999999988930991,0.9999979559411721,0.9999999988930991,0.9999979559411721,20.621701673172602,13.100573105263905,synthetic_chicago_authorized_2026-01-20.csv
188,syn-0-15-u00,2026-01-20,train,0,True,11,0.6666666666666666,0.021352858687193214,0.01843504407985666,0.021352858687193214,0.01843504407985666,0.021584129089516353,0.018607087200579533,synthetic_chicago_authorized_2026-01-20.csv
189,syn-0-15-u01,2026-01-20,train,0,True,11,0.6666666666666666,0.06593210805963946,0.08221704350843498,0.06593210805963946,0.08221704350843498,0.0682061539514032,0.08579434715289833,synthetic_chicago_authorized_2026-01-20.csv
190,syn-0-15-u02,2026-01-20,train,0,True,11,0.6666666666666666,0.11654612545590265,0.08033522511175085,0.11654612545590265,0.08033522511175085,0.12391619623200148,0.0837460504612643,synthetic_chicago_authorized_2026-01-20.csv
191,syn-0-15-u03,2026-01-20,train,0,True,11,0.6666666666666666,0.06152163358997492,0.03239010705472653,0.06152163358997492,0.03239010705472653,0.06349547446257334,0.032926276088865065,synthetic_chicago_authorized_2026-01-20.csv
192,syn-0-16-p00-0,2026-01-20,train,1,True,11,0.6666666666666666,0.9997056277836985,0.993813632047087,0.9997056277836985,0.993813632047087,8.1306655495392,5.0854071249309865,synthetic_chicago_authorized_2026-01-20.csv
193,syn-0-16-p00-1,2026-01-20,train,1,True,11,0.6666666666666666,0.9898508706701603,0.949741908179842,0.9898508706701603,0.949741908179842,4.590367357485045,2.990583713760167,synthetic_chicago_authorized_2026-01-20.csv
194,syn-0-16-p01-0,2026-01-20,train,1,True,11,0.6666666666666666,0.9953679847958385,0.9923091700416158,0.9953679847958385,0.9923091700416158,5.374763256298549,4.86772657432024,synthetic_chicago_authorized_2026-01-20.csv
195,syn-0-16-p01-1,2026-01-20,train,1,True,11,0.6666666666666666,0.9856255725024835,0.9175522229434036,0.9856255725024835,0.9175522229434036,4.242304519351534,2.4955901914485796,synthetic_chicago_authorized_2026-01-20.csv
196,syn-0-16-p02-0,2026-01-20,train,1,True,11,0.6666666666666666,0.9978444175414385,0.9811659438252339,0.9978444175414385,0.9811659438252339,6.139694309551011,3.9720885492733515,synthetic_chicago_authorized_2026-01-20.csv
197,syn-0-16-p02-1,2026-01-20,train,1,True,11,0.6666666666666666,0.9996192424083507,0.9959009592764337,0.9996192424083507,0.9959009592764337,7.87334762771567,5.497002302508993,synthetic_chicago_authorized_2026-01-20.csv
198,syn-0-16-p03-0,2026-01-20,train,1,True,11,0.6666666666666666,0.9999404826973314,0.995324589880369,0.9999404826973314,0.995324589880369,9.729243486533836,5.365438393964908,synthetic_chicago_authorized_2026-01-20.csv
199,syn-0-16-p03-1,2026-01-20,train,1,True,11,0.6666666666666666,0.9999285725595279,0.9934016457376765,0.9999285725595279,0.9934016457376765,9.546828442114387,5.020935015237102,synthetic_chicago_authorized_2026-01-20.csv
200,syn-0-16-u00,2026-01-20,train,0,True,11,0.6666666666666666,0.004021453776537524,0.011528908276517364,0.004021453776537524,0.011528908276517364,0.004029561565809232,0.011595881388391037,synthetic_chicago_authorized_2026-01-20.csv
201,syn-0-16-u01,2026-01-20,train,0,True,11,0.6666666666666666,0.28744339747798625,0.1529171661975845,0.28744339747798625,0.1529171661975845,0.3388959278585312,0.16595679241480116,synthetic_chicago_authorized_2026-01-20.csv
202,syn-0-16-u02,2026-01-20,train,0,True,11,0.6666666666666666,0.3295113237302228,0.17872219511086473,0.3295113237302228,0.17872219511086473,0.39974846488955257,0.19689385296602152,synthetic_chicago_authorized_2026-01-20.csv
203,syn-0-16-u03,2026-01-20,train,0,True,11,0.6666666666666666,0.06988384484039482,0.03340116019980621,0.06988384484039482,0.03340116019980621,0.07244580261286304,0.03397171986134837,synthetic_chicago_authorized_2026-01-20.csv
204,syn-0-17-p00-0,2026-01-20,train,1,True,11,0.6666666666666666,0.8475106993531105,0.7143204827963049,0.8475106993531105,0.7143204827963049,1.8806608450885054,1.2528846656872379,synthetic_chicago_authorized_2026-01-20.csv
205,syn-0-17-p00-1,2026-01-20,train,1,True,11,0.6666666666666666,0.9870613288554333,0.9958524097653318,0.9870613288554333,0.9958524097653318,4.347534688801998,5.485227779736553,synthetic_chicago_authorized_2026-01-20.csv
206,syn-0-17-p01-0,2026-01-20,train,1,True,11,0.6666666666666666,0.9981504424476783,0.9848815299809713,0.9981504424476783,0.9848815299809713,6.292808829402589,4.191838102568406,synthetic_chicago_authorized_2026-01-20.csv
207,syn-0-17-p01-1,2026-01-20,train,1,True,11,0.6666666666666666,0.9981572521753522,0.9857435540787647,0.9981572521753522,0.9857435540787647,6.296497438387917,4.250546129194944,synthetic_chicago_authorized_2026-01-20.csv
208,syn-0-17-p02-0,2026-01-20,train,1,True,11,0.6666666666666666,0.9999632399766273,0.9998294565005721,0.9999632399766273,0.9998294565005721,10.211099624657997,8.676520165170851,synthetic_chicago_authorized_2026-01-20.csv
209,syn-0-17-p02-1,2026-01-20,train,1,True,11,0.6666666666666666,0.9999705178609941,0.9998404882527153,0.9999705178609941,0.9998404882527153,10.431725935409197,8.743392987763498,synthetic_chicago_authorized_2026-01-20.csv
210,syn-0-17-p03-0,2026-01-20,train,1,True,11,0.6666666666666666,0.999327004434142,0.9990161237515965,0.999327004434142,0.9990161237515965,7.303771816962333,6.924010432638561,synthetic_chicago_authorized_2026-01-20.csv
211,syn-0-17-p03-1,2026-01-20,train,1,True,11,0.6666666666666666,0.9092636425150339,0.8462646046835759,0.9092636425150339,0.8462646046835759,2.3997971478821505,1.8725223666192032,synthetic_chicago_authorized_2026-01-20.csv
212,syn-0-17-u00,2026-01-20,train,0,True,11,0.6666666666666666,0.00330069635966953,0.013906378695307524,0.00330069635966953,0.013906378695307524,0.0033061556742354824,0.014003978273747417,synthetic_chicago_authorized_2026-01-20.csv
213,syn-0-17-u01,2026-01-20,train,0,True,11,0.6666666666666666,0.39863952233470185,0.1579413163615519,0.39863952233470185,0.1579413163615519,0.5085607278048412,0.17190557163583242,synthetic_chicago_authorized_2026-01-20.csv
214,syn-0-17-u02,2026-01-20,train,0,True,11,0.6666666666666666,0.15165174416677815,0.09313240526026804,0.15165174416677815,0.09313240526026804,0.1644640484471829,0.09775882106718882,synthetic_chicago_authorized_2026-01-20.csv
215,syn-0-17-u03,2026-01-20,train,0,True,11,0.6666666666666666,0.0788897705394705,0.038377850445118454,0.0788897705394705,0.038377850445118454,0.08217556534933326,0.03913368140357709,synthetic_chicago_authorized_2026-01-20.csv
216,syn-0-18-p02-0,2026-01-20,train,1,True,11,0.6666666666666666,0.0854045287397022,0.9968105259459872,0.0854045287397022,0.9968105259459872,0.08927341937737587,5.747899249128693,synthetic_chicago_authorized_2026-01-20.csv
217,syn-0-18-u00,2026-01-20,train,0,True,11,0.6666666666666666,0.08409095517464017,0.01677824085741307,0.08409095517464017,0.01677824085741307,0.08783821528036874,0.016920590032778102,synthetic_chicago_authorized_2026-01-20.csv
218,syn-0-18-u01,2026-01-20,train,0,True,11,0.6666666666666666,0.13088628163287583,0.10244826191825115,0.13088628163287583,0.10244826191825115,0.1402813010963615,0.10808451339347865,synthetic_chicago_authorized_2026-01-20.csv
219,syn-0-18-u02,2026-01-20,train,0,True,11,0.6666666666666666,0.10069971292134504,0.14898359864682223,0.10069971292134504,0.14898359864682223,0.10613827683714916,0.16132387755902394,synthetic_chicago_authorized_2026-01-20.csv
220,syn-0-18-u03,2026-01-20,train,0,True,11,0.6666666666666666,0.09379245085264676,0.03581137175210788,0.09379245085264676,0.03581137175210788,0.0984869162305502,0.03646833105662997,synthetic_chicago_authorized_2026-01-20.csv
221,syn-0-18-p00-0,2026-01-20,train,1,True,11,0.6666666666666666,0.9219634845274062,0.9903996209546873,0.9219634845274062,0.9903996209546873,2.550578414754667,4.645952697401074,synthetic_chicago_authorized_2026-01-20.csv
222,syn-0-18-p00-1,2026-01-20,train,1,True,11,0.6666666666666666,0.9997900029631611,0.9984307375896863,0.9997900029631611,0.9984307375896863,8.468417137637351,6.457149572361565,synthetic_chicago_authorized_2026-01-20.csv
223,syn-0-18-p01-0,2026-01-20,train,1,True,11,0.6666666666666666,0.9999551831413571,0.9958805601464829,0.9999551831413571,0.9958805601464829,10.012926180336962,5.492038082747999,synthetic_chicago_authorized_2026-01-20.csv
224,syn-0-18-p01-1,2026-01-20,train,1,True,11,0.6666666666666666,0.9999884961879119,0.9976283753826134,0.9999884961879119,0.9976283753826134,11.372832091600019,6.044180066109627,synthetic_chicago_authorized_2026-01-20.csv
225,syn-0-18-p02-1,2026-01-20,train,1,True,11,0.6666666666666666,0.8069134262618272,0.9964011439735729,0.8069134262618272,0.9964011439735729,1.6446166220624974,5.627139254456724,synthetic_chicago_authorized_2026-01-20.csv
226,syn-0-18-p03-0,2026-01-20,train,1,True,11,0.6666666666666666,0.9996819514706519,0.9959007735121347,0.9996819514706519,0.9959007735121347,8.053306578814636,5.496956984566964,synthetic_chicago_authorized_2026-01-20.csv
227,syn-0-18-p03-1,2026-01-20,train,1,True,11,0.6666666666666666,0.9983025538737768,0.9908803062260296,0.9983025538737768,0.9908803062260296,6.378630436164207,4.697319052875158,synthetic_chicago_authorized_2026-01-20.csv
228,syn-0-19-p00-0,2026-01-20,train,1,True,11,0.6666666666666666,0.8661207583799194,0.8339913135519543,0.8661207583799194,0.8339913135519543,2.0108170672794907,1.7957151639943807,synthetic_chicago_authorized_2026-01-20.csv
229,syn-0-19-p00-1,2026-01-20,train,1,True,11,0.6666666666666666,0.9704288531043044,0.9922007450908565,0.9704288531043044,0.9922007450908565,3.520956160083779,4.853727074318133,synthetic_chicago_authorized_2026-01-20.csv
230,syn-0-19-p01-0,2026-01-20,train,1,True,11,0.6666666666666666,0.9982552845774758,0.9956168195428141,0.9982552845774758,0.9956168195428141,6.35116381827503,5.429980686322316,synthetic_chicago_authorized_2026-01-20.csv
231,syn-0-19-p01-1,2026-01-20,train,1,True,11,0.6666666666666666,0.9985078850972973,0.995498080259254,0.9985078850972973,0.995498080259254,6.5075607676305065,5.40325136412298,synthetic_chicago_authorized_2026-01-20.csv
232,syn-0-19-p02-0,2026-01-20,train,1,True,11,0.6666666666666666,0.8997125419863108,0.8796415047016984,0.8997125419863108,0.8796415047016984,2.299714636561912,2.117280528974232,synthetic_chicago_authorized_2026-01-20.csv
233,syn-0-19-p02-1,2026-01-20,train,1,True,11,0.6666666666666666,0.9970834994411933,0.9971843007151626,0.9970834994411933,0.9971843007151626,5.8373708201687915,5.872544634443486,synthetic_chicago_authorized_2026-01-20.csv
234,syn-0-19-p03-0,2026-01-20,train,1,True,11,0.6666666666666666,0.9986901914837276,0.998518050820771,0.9986901914837276,0.998518050820771,6.637874323237504,6.514397044714489,synthetic_chicago_authorized_2026-01-20.csv
235,syn-0-19-p03-1,2026-01-20,train,1,True,11,0.6666666666666666,0.9144543124243475,0.9344091288712965,0.9144543124243475,0.9344091288712965,2.4587046881476398,2.724318752339114,synthetic_chicago_authorized_2026-01-20.csv
236,syn-0-19-u00,2026-01-20,train,0,True,11,0.6666666666666666,0.0006498447341379296,0.006874347199809297,0.0006498447341379296,0.006874347199809297,0.0006500559747478627,0.00689808437211204,synthetic_chicago_authorized_2026-01-20.csv
237,syn-0-19-u01,2026-01-20,train,0,True,11,0.6666666666666666,0.23555478875208807,0.21214046072391796,0.23555478875208807,0.21214046072391796,0.2686049223055389,0.2384354546622569,synthetic_chicago_authorized_2026-01-20.csv
238,syn-0-19-u02,2026-01-20,train,0,True,11,0.6666666666666666,0.12919937651170174,0.12028213712265162,0.12919937651170174,0.12028213712265162,0.13834223362717066,0.128154033283026,synthetic_chicago_authorized_2026-01-20.csv
239,syn-0-19-u03,2026-01-20,train,0,True,11,0.6666666666666666,0.0607631014813414,0.039999898755305324,0.0607631014813414,0.039999898755305324,0.06268754350087508,0.04082188905703707,synthetic_chicago_authorized_2026-01-20.csv
240,syn-1-00-p00-0,2026-01-27,test,1,True,11,0.6666666666666666,0.9995836401165443,0.9933107099656383,0.9995836401165443,0.9933107099656383,7.78396056722934,5.00724753388729,synthetic_chicago_authorized_2026-01-27.csv
241,syn-1-00-p00-1,2026-01-27,test,1,True,11,0.6666666666666666,0.9998316865850759,0.9964424291217938,0.9998316865850759,0.9964424291217938,8.689682751542213,5.638677304598962,synthetic_chicago_authorized_2026-01-27.csv
242,syn-1-00-p01-0,2026-01-27,test,1,True,11,0.6666666666666666,0.9999780516484859,0.9994273551337887,0.9999780516484859,0.9994273551337887,10.726818523122466,7.465244813128341,synthetic_chicago_authorized_2026-01-27.csv
243,syn-1-00-p01-1,2026-01-27,test,1,True,11,0.6666666666666666,0.9999471125607913,0.9978732075469816,0.9999471125607913,0.9978732075469816,9.847344691363372,6.153140324855368,synthetic_chicago_authorized_2026-01-27.csv
244,syn-1-00-p02-0,2026-01-27,test,1,True,11,0.6666666666666666,0.9927910950849727,0.969878223082682,0.9927910950849727,0.969878223082682,4.932438223405678,3.502506883191688,synthetic_chicago_authorized_2026-01-27.csv
245,syn-1-00-u00,2026-01-27,test,0,True,11,0.6666666666666666,0.09981251091879237,0.01746744808162852,0.09981251091879237,0.01746744808162852,0.10515221615233288,0.01762180406403087,synthetic_chicago_authorized_2026-01-27.csv
246,syn-1-00-u01,2026-01-27,test,0,True,11,0.6666666666666666,0.3740715884976792,0.21779511626993595,0.3740715884976792,0.21779511626993595,0.4685192730439751,0.24563857309792847,synthetic_chicago_authorized_2026-01-27.csv
247,syn-1-00-u02,2026-01-27,test,0,True,11,0.6666666666666666,0.6792577138217154,0.18929180365738618,0.6792577138217154,0.18929180365738618,1.1371173251028308,0.2098470968352984,synthetic_chicago_authorized_2026-01-27.csv
248,syn-1-00-u03,2026-01-27,test,0,True,11,0.6666666666666666,0.05905834228101866,0.02688112575423998,0.05905834228101866,0.02688112575423998,0.0608741416174937,0.02724903134418452,synthetic_chicago_authorized_2026-01-27.csv
249,syn-1-00-p02-1,2026-01-27,test,1,True,11,0.6666666666666666,0.047873339077820855,0.74262842931474,0.047873339077820855,0.74262842931474,0.04905720585360081,1.3572344379181533,synthetic_chicago_authorized_2026-01-27.csv
250,syn-1-00-p03-0,2026-01-27,test,1,True,11,0.6666666666666666,0.998388468208051,0.9964305540185996,0.998388468208051,0.9964305540185996,6.430570128731499,5.635344882516195,synthetic_chicago_authorized_2026-01-27.csv
251,syn-1-00-p03-1,2026-01-27,test,1,True,11,0.6666666666666666,0.9983762986839461,0.9968144881166928,0.9983762986839461,0.9968144881166928,6.423046972843781,5.749142285977649,synthetic_chicago_authorized_2026-01-27.csv
252,syn-1-01-p00-0,2026-01-27,test,1,True,11,0.6666666666666666,0.9999999991472033,0.9999921476480345,0.9999999991472033,0.9999921476480345,20.88249987324312,11.75469745759584,synthetic_chicago_authorized_2026-01-27.csv
253,syn-1-01-p00-1,2026-01-27,test,1,True,11,0.6666666666666666,0.9999999998874688,0.9999985347859233,0.9999999998874688,0.9999985347859233,22.90779083032296,13.433509198695608,synthetic_chicago_authorized_2026-01-27.csv
254,syn-1-01-p01-0,2026-01-27,test,1,True,11,0.6666666666666666,0.9999944203847393,0.9982056772577881,0.9999944203847393,0.9982056772577881,12.096390733648292,6.323127630627252,synthetic_chicago_authorized_2026-01-27.csv
255,syn-1-01-p01-1,2026-01-27,test,1,True,11,0.6666666666666666,0.9999931757505154,0.9980244864639013,0.9999931757505154,0.9980244864639013,11.895028188556116,6.226926896150099,synthetic_chicago_authorized_2026-01-27.csv
256,syn-1-01-p02-0,2026-01-27,test,1,True,11,0.6666666666666666,0.9999999968021861,0.9999983228170812,0.9999999968021861,0.9999983228170812,19.56079842116643,13.298395006058957,synthetic_chicago_authorized_2026-01-27.csv
257,syn-1-01-p02-1,2026-01-27,test,1,True,11,0.6666666666666666,0.9999999793291242,0.9999945034216159,0.9999999793291242,0.9999945034216159,17.69454009474504,12.111384771303033,synthetic_chicago_authorized_2026-01-27.csv
258,syn-1-01-p03-0,2026-01-27,test,1,True,11,0.6666666666666666,0.9999999528856471,0.9999889332954824,0.9999999528856471,0.9999889332954824,16.87068815141449,11.411569550453201,synthetic_chicago_authorized_2026-01-27.csv
259,syn-1-01-p03-1,2026-01-27,test,1,True,11,0.6666666666666666,0.9999998954017822,0.9999853256826194,0.9999998954017822,0.9999853256826194,16.07313932454819,11.129411709139736,synthetic_chicago_authorized_2026-01-27.csv
260,syn-1-01-u00,2026-01-27,test,0,True,11,0.6666666666666666,0.12942264193461595,0.02661745795800291,0.12942264193461595,0.02661745795800291,0.13859865747828468,0.026978116773413163,synthetic_chicago_authorized_2026-01-27.csv
261,syn-1-01-u01,2026-01-27,test,0,True,11,0.6666666666666666,0.21286214445065216,0.09483615491607339,0.21286214445065216,0.09483615491607339,0.23935188002221394,0.09963930737711932,synthetic_chicago_authorized_2026-01-27.csv
262,syn-1-01-u02,2026-01-27,test,0,True,11,0.6666666666666666,0.19699591439231437,0.07078784763639719,0.19699591439231437,0.07078784763639719,0.2193954771184488,0.07341819986360862,synthetic_chicago_authorized_2026-01-27.csv
263,syn-1-01-u03,2026-01-27,test,0,True,11,0.6666666666666666,0.00849963899396158,0.021344328885908988,0.00849963899396158,0.021344328885908988,0.008535966921456632,0.02157541321660172,synthetic_chicago_authorized_2026-01-27.csv
264,syn-1-02-p00-0,2026-01-27,test,1,True,11,0.6666666666666666,0.9152778360573739,0.9796923742158457,0.9152778360573739,0.9796923742158457,2.4683780357273415,3.896758809083003,synthetic_chicago_authorized_2026-01-27.csv
265,syn-1-02-p00-1,2026-01-27,test,1,True,11,0.6666666666666666,0.9299514868888037,0.9876461613225309,0.9299514868888037,0.9876461613225309,2.6585672325315177,4.3937884401173815,synthetic_chicago_authorized_2026-01-27.csv
266,syn-1-02-p01-0,2026-01-27,test,1,True,11,0.6666666666666666,0.9588630720513046,0.9811460423659154,0.9588630720513046,0.9811460423659154,3.190849070644786,3.9710324330625455,synthetic_chicago_authorized_2026-01-27.csv
267,syn-1-02-p01-1,2026-01-27,test,1,True,11,0.6666666666666666,0.9960949530795078,0.9799190877021843,0.9960949530795078,0.9799190877021843,5.545485480271719,3.9079855520325095,synthetic_chicago_authorized_2026-01-27.csv
268,syn-1-02-p02-0,2026-01-27,test,1,True,11,0.6666666666666666,0.9938914674850228,0.9921365540425024,0.9938914674850228,0.9921365540425024,5.098068712227357,4.845530351633251,synthetic_chicago_authorized_2026-01-27.csv
269,syn-1-02-p02-1,2026-01-27,test,1,True,11,0.6666666666666666,0.9927490001128148,0.9723361352557343,0.9927490001128148,0.9723361352557343,4.926615904151192,3.5876282392858854,synthetic_chicago_authorized_2026-01-27.csv
270,syn-1-02-p03-0,2026-01-27,test,1,True,11,0.6666666666666666,0.9760638380870382,0.8647731034417767,0.9760638380870382,0.8647731034417767,3.732364912801108,2.000801196118907,synthetic_chicago_authorized_2026-01-27.csv
271,syn-1-02-p03-1,2026-01-27,test,1,True,11,0.6666666666666666,0.9972030392160695,0.9906397979961413,0.9972030392160695,0.9906397979961413,5.879221885621936,4.671288407116678,synthetic_chicago_authorized_2026-01-27.csv
272,syn-1-02-u00,2026-01-27,test,0,True,11,0.6666666666666666,0.07645907091043468,0.019266048309814408,0.07645907091043468,0.019266048309814408,0.07954016079101453,0.01945405732976037,synthetic_chicago_authorized_2026-01-27.csv
273,syn-1-02-u01,2026-01-27,test,0,True,11,0.6666666666666666,0.05628125033724938,0.07024557808305489,0.05628125033724938,0.07024557808305489,0.05792709190727989,0.07283479016036201,synthetic_chicago_authorized_2026-01-27.csv
274,syn-1-02-u02,2026-01-27,test,0,True,11,0.6666666666666666,0.14236640066532744,0.11735387223271224,0.14236640066532744,0.11735387223271224,0.15357831110437414,0.1248309200099007,synthetic_chicago_authorized_2026-01-27.csv
275,syn-1-02-u03,2026-01-27,test,0,True,11,0.6666666666666666,0.005272478509092087,0.0185624521655579,0.005272478509092087,0.0185624521655579,0.0052864270745169445,0.018736896597802876,synthetic_chicago_authorized_2026-01-27.csv
276,syn-1-03-p00-1,2026-01-27,test,1,True,11,0.6666666666666666,0.00770542219780049,0.9991534380209806,0.00770542219780049,0.9991534380209806,0.007735262349570703,7.074327141092144,synthetic_chicago_authorized_2026-01-27.csv
277,syn-1-03-p00-0,2026-01-27,test,1,True,11,0.6666666666666666,0.9987680397454007,0.9991483272444298,0.9987680397454007,0.9991483272444298,6.699148675268439,7.068308194622645,synthetic_chicago_authorized_2026-01-27.csv
278,syn-1-03-p01-0,2026-01-27,test,1,True,11,0.6666666666666666,0.9999875857572097,0.9994585615753956,0.9999875857572097,0.9994585615753956,11.296666132378814,7.521281210630988,synthetic_chicago_authorized_2026-01-27.csv
279,syn-1-03-p01-1,2026-01-27,test,1,True,11,0.6666666666666666,0.9999947286362024,0.999665661035022,0.9999947286362024,0.999665661035022,12.153221443776753,8.003355214411586,synthetic_chicago_authorized_2026-01-27.csv
280,syn-1-03-p02-0,2026-01-27,test,1,True,11,0.6666666666666666,0.9675227155163991,0.8956907251582121,0.9675227155163991,0.8956907251582121,3.4272143729842837,2.260394996271372,synthetic_chicago_authorized_2026-01-27.csv
281,syn-1-03-p02-1,2026-01-27,test,1,True,11,0.6666666666666666,0.9999187571656508,0.9971198762997336,0.9999187571656508,0.9971198762997336,9.418067933268624,5.849922034275296,synthetic_chicago_authorized_2026-01-27.csv
282,syn-1-03-p03-0,2026-01-27,test,1,True,11,0.6666666666666666,0.99994106084811,0.9976880619199804,0.99994106084811,0.9976880619199804,9.739004970136666,6.069669110529064,synthetic_chicago_authorized_2026-01-27.csv
283,syn-1-03-p03-1,2026-01-27,test,1,True,11,0.6666666666666666,0.9999505512913711,0.9970067623119638,0.9999505512913711,0.9970067623119638,9.914574614920337,5.811399638618507,synthetic_chicago_authorized_2026-01-27.csv
284,syn-1-03-u00,2026-01-27,test,0,True,11,0.6666666666666666,0.0007526767708692734,0.007329748102094018,0.0007526767708692734,0.007329748102094018,0.0007529601742463256,0.007356742695649491,synthetic_chicago_authorized_2026-01-27.csv
285,syn-1-03-u01,2026-01-27,test,0,True,11,0.6666666666666666,0.20796337245391833,0.19651908863745074,0.20796337245391833,0.19651908863745074,0.2331476413354479,0.21880185094731697,synthetic_chicago_authorized_2026-01-27.csv
286,syn-1-03-u02,2026-01-27,test,0,True,11,0.6666666666666666,0.12161830609329875,0.06672138920424771,0.12161830609329875,0.06672138920424771,0.12967404871418117,0.06905150449609813,synthetic_chicago_authorized_2026-01-27.csv
287,syn-1-03-u03,2026-01-27,test,0,True,11,0.6666666666666666,0.13883614380478373,0.03425706415341991,0.13883614380478373,0.03425706415341991,0.14947048349107767,0.0348575921437516,synthetic_chicago_authorized_2026-01-27.csv
288,syn-1-04-p00-0,2026-01-27,test,1,True,11,0.6666666666666666,0.9111021705000131,0.8894096114347014,0.9111021705000131,0.8894096114347014,2.4202675518335934,2.2019220963347284,synthetic_chicago_authorized_2026-01-27.csv
289,syn-1-04-p00-1,2026-01-27,test,1,True,11,0.6666666666666666,0.9111467354572447,0.9997400904411932,0.9111467354572447,0.9997400904411932,2.4207689828757526,8.255176838205777,synthetic_chicago_authorized_2026-01-27.csv
290,syn-1-04-p01-0,2026-01-27,test,1,True,11,0.6666666666666666,0.9998893673139229,0.9997971353996371,0.9998893673139229,0.9997971353996371,9.109294978385922,8.502971794747896,synthetic_chicago_authorized_2026-01-27.csv
291,syn-1-04-p01-1,2026-01-27,test,1,True,11,0.6666666666666666,0.9999453837226476,0.9999327104673744,0.9999453837226476,0.9999327104673744,9.815178599636088,9.606505866461674,synthetic_chicago_authorized_2026-01-27.csv
292,syn-1-04-p02-0,2026-01-27,test,1,True,11,0.6666666666666666,0.9855172112441372,0.9668757023232304,0.9855172112441372,0.9668757023232304,4.234794316931405,3.40748819711125,synthetic_chicago_authorized_2026-01-27.csv
293,syn-1-04-p02-1,2026-01-27,test,1,True,11,0.6666666666666666,0.9851835884462863,0.9746534636890684,0.9851835884462863,0.9746534636890684,4.212019823810643,3.675113192957567,synthetic_chicago_authorized_2026-01-27.csv
294,syn-1-04-p03-0,2026-01-27,test,1,True,11,0.6666666666666666,0.9998831520876224,0.9998916218104832,0.9998831520876224,0.9998916218104832,9.05463736296975,9.129883692922693,synthetic_chicago_authorized_2026-01-27.csv
295,syn-1-04-p03-1,2026-01-27,test,1,True,11,0.6666666666666666,0.9991666824743431,0.9998796050521026,0.9991666824743431,0.9998796050521026,7.090095805167851,9.024732986954879,synthetic_chicago_authorized_2026-01-27.csv
296,syn-1-04-u00,2026-01-27,test,0,True,11,0.6666666666666666,0.00818955675197254,0.017274921100034053,0.00818955675197254,0.017274921100034053,0.008223275391868345,0.017425873536459066,synthetic_chicago_authorized_2026-01-27.csv
297,syn-1-04-u01,2026-01-27,test,0,True,11,0.6666666666666666,0.7642950892522518,0.29845884000482004,0.7642950892522518,0.29845884000482004,1.4451746345190846,0.354475706898337,synthetic_chicago_authorized_2026-01-27.csv
298,syn-1-04-u02,2026-01-27,test,0,True,11,0.6666666666666666,0.2533269103243017,0.258410010235978,0.2533269103243017,0.258410010235978,0.2921278205939215,0.2989587629822965,synthetic_chicago_authorized_2026-01-27.csv
299,syn-1-04-u03,2026-01-27,test,0,True,11,0.6666666666666666,0.030180388660630334,0.03013362197309616,0.030180388660630334,0.03013362197309616,0.030645192470215275,0.03059697158518582,synthetic_chicago_authorized_2026-01-27.csv
300,syn-1-05-p00-0,2026-01-27,test,1,True,11,0.6666666666666666,0.8831676246523277,0.9675519028177634,0.8831676246523277,0.9675519028177634,2.1470150608011815,3.4281134760032157,synthetic_chicago_authorized_2026-01-27.csv
301,syn-1-05-p00-1,2026-01-27,test,1,True,11,0.6666666666666666,0.9605843053598725,0.8968276077678449,0.9605843053598725,0.8968276077678449,3.2335912008750234,2.2713539788540444,synthetic_chicago_authorized_2026-01-27.csv
302,syn-1-05-p01-0,2026-01-27,test,1,True,11,0.6666666666666666,0.9807451778759989,0.989178730448506,0.9807451778759989,0.989178730448506,3.949993749670109,4.52624167866739,synthetic_chicago_authorized_2026-01-27.csv
303,syn-1-05-p01-1,2026-01-27,test,1,True,11,0.6666666666666666,0.9994557191447956,0.9992818940993241,0.9994557191447956,0.9992818940993241,7.516045166384618,7.238893505814728,synthetic_chicago_authorized_2026-01-27.csv
304,syn-1-05-p02-0,2026-01-27,test,1,True,11,0.6666666666666666,0.9992739678047154,0.9997442821874527,0.9992739678047154,0.9997442821874527,7.227916198000773,8.271436016195665,synthetic_chicago_authorized_2026-01-27.csv
305,syn-1-05-u00,2026-01-27,test,0,True,11,0.6666666666666666,0.03356787003187572,0.019787378145796713,0.03356787003187572,0.019787378145796713,0.034144205284593096,0.019985769774452277,synthetic_chicago_authorized_2026-01-27.csv
306,syn-1-05-u01,2026-01-27,test,0,True,11,0.6666666666666666,0.2797875695841548,0.15339793879910088,0.2797875695841548,0.15339793879910088,0.3282090682442103,0.16652451621731948,synthetic_chicago_authorized_2026-01-27.csv
307,syn-1-05-u02,2026-01-27,test,0,True,11,0.6666666666666666,0.16997192171818698,0.16647766275187217,0.16997192171818698,0.16647766275187217,0.1862957495084934,0.1820947778124984,synthetic_chicago_authorized_2026-01-27.csv
308,syn-1-05-u03,2026-01-27,test,0,True,11,0.6666666666666666,0.052185965918006685,0.03580837703867244,0.052185965918006685,0.03580837703867244,0.053596962550471285,0.03646522511999371,synthetic_chicago_authorized_2026-01-27.csv
309,syn-1-05-p02-1,2026-01-27,test,1,True,11,0.6666666666666666,0.04472972297333984,0.9980897413805777,0.04472972297333984,0.9980897413805777,0.045760965948554916,6.260516643250821,synthetic_chicago_authorized_2026-01-27.csv
310,syn-1-05-p03-0,2026-01-27,test,1,True,11,0.6666666666666666,0.5332239997076242,0.9540535820271662,0.5332239997076242,0.9540535820271662,0.7619057931468504,3.080279388108444,synthetic_chicago_authorized_2026-01-27.csv
311,syn-1-05-p03-1,2026-01-27,test,1,True,11,0.6666666666666666,0.5303329290116569,0.9546542586947077,0.5303329290116569,0.9546542586947077,0.7557311948825053,3.0934390141008463,synthetic_chicago_authorized_2026-01-27.csv
312,syn-1-06-p00-0,2026-01-27,test,1,True,11,0.6666666666666666,0.9598663708292833,0.8983043738978199,0.9598663708292833,0.8983043738978199,3.215540663439321,2.2857709846973235,synthetic_chicago_authorized_2026-01-27.csv
313,syn-1-06-p00-1,2026-01-27,test,1,True,11,0.6666666666666666,0.9995696544068154,0.9831924293520363,0.9995696544068154,0.9831924293520363,7.750921966994307,4.085925860270482,synthetic_chicago_authorized_2026-01-27.csv
314,syn-1-06-p01-0,2026-01-27,test,1,True,11,0.6666666666666666,0.9988670878629867,0.9920984015173825,0.9988670878629867,0.9920984015173825,6.782963848916635,4.840690200405217,synthetic_chicago_authorized_2026-01-27.csv
315,syn-1-06-p01-1,2026-01-27,test,1,True,11,0.6666666666666666,0.9999915610161422,0.9991513977040134,0.9999915610161422,0.9991513977040134,11.682648652598935,7.071919919582655,synthetic_chicago_authorized_2026-01-27.csv
316,syn-1-06-p02-0,2026-01-27,test,1,True,11,0.6666666666666666,0.9999994354578757,0.9998973043534516,0.9999994354578757,0.9998973043534516,14.387250833904954,9.183740831914877,synthetic_chicago_authorized_2026-01-27.csv
317,syn-1-06-p02-1,2026-01-27,test,1,True,11,0.6666666666666666,0.9999988704313685,0.9998494365918902,0.9999988704313685,0.9998494365918902,13.693674740102756,8.80112624615955,synthetic_chicago_authorized_2026-01-27.csv
318,syn-1-06-u00,2026-01-27,test,0,True,11,0.6666666666666666,0.16934274208090327,0.027781893782360033,0.16934274208090327,0.027781893782360033,0.18553801454971144,0.02817511058037123,synthetic_chicago_authorized_2026-01-27.csv
319,syn-1-06-u01,2026-01-27,test,0,True,11,0.6666666666666666,0.1993690471291606,0.0999769272103831,0.1993690471291606,0.0999769272103831,0.22235517107904296,0.10533487955352637,synthetic_chicago_authorized_2026-01-27.csv
320,syn-1-06-u02,2026-01-27,test,0,True,11,0.6666666666666666,0.16657555553081146,0.08754977949797346,0.16657555553081146,0.08754977949797346,0.1822122294073849,0.09162174788804413,synthetic_chicago_authorized_2026-01-27.csv
321,syn-1-06-u03,2026-01-27,test,0,True,11,0.6666666666666666,0.0799088631557501,0.033892129946426694,0.0799088631557501,0.033892129946426694,0.08328255205811774,0.03447978428175779,synthetic_chicago_authorized_2026-01-27.csv
322,syn-1-06-p03-0,2026-01-27,test,1,True,11,0.6666666666666666,0.9983294183963651,0.9973372293243643,0.9983294183963651,0.9973372293243643,6.394583447534231,5.928388090903258,synthetic_chicago_authorized_2026-01-27.csv
323,syn-1-06-p03-1,2026-01-27,test,1,True,11,0.6666666666666666,0.998329422652633,0.998464334558873,0.998329422652633,0.998464334558873,6.394585995313598,6.478791479747296,synthetic_chicago_authorized_2026-01-27.csv
324,syn-1-07-p00-0,2026-01-27,test,1,True,11,0.6666666666666666,0.9999265916159114,0.9999543052700333,0.9999265916159114,0.9999543052700333,9.519472404226589,9.99352758472798,synthetic_chicago_authorized_2026-01-27.csv
325,syn-1-07-p00-1,2026-01-27,test,1,True,11,0.6666666666666666,0.999869381383277,0.9999379705642873,0.999869381383277,0.9999379705642873,8.943228803631637,9.687901516027713,synthetic_chicago_authorized_2026-01-27.csv
326,syn-1-07-p01-0,2026-01-27,test,1,True,11,0.6666666666666666,0.9948286629363118,0.9918902386622968,0.9948286629363118,0.9918902386622968,5.264624004229201,4.814686839437865,synthetic_chicago_authorized_2026-01-27.csv
327,syn-1-07-p01-1,2026-01-27,test,1,True,11,0.6666666666666666,0.9945192647805261,0.9924425103937065,0.9945192647805261,0.9924425103937065,5.20651602288385,4.885216206595287,synthetic_chicago_authorized_2026-01-27.csv
328,syn-1-07-p02-0,2026-01-27,test,1,True,11,0.6666666666666666,0.9986901504303332,0.9913563881197864,0.9986901504303332,0.9913563881197864,6.637842980678211,4.750934741829874,synthetic_chicago_authorized_2026-01-27.csv
329,syn-1-07-p02-1,2026-01-27,test,1,True,11,0.6666666666666666,0.9986620937838455,0.9904314474043376,0.9986620937838455,0.9904314474043376,6.616649412292844,4.649273328878213,synthetic_chicago_authorized_2026-01-27.csv
330,syn-1-07-p03-0,2026-01-27,test,1,True,11,0.6666666666666666,0.9983181996234943,0.999952796371923,0.9983181996234943,0.999952796371923,6.387890406694864,9.961039802288354,synthetic_chicago_authorized_2026-01-27.csv
331,syn-1-07-u00,2026-01-27,test,0,True,11,0.6666666666666666,0.07404873226641608,0.01805505778871712,0.07404873226641608,0.01805505778871712,0.07693367235838611,0.018220039194104143,synthetic_chicago_authorized_2026-01-27.csv
332,syn-1-07-u01,2026-01-27,test,0,True,11,0.6666666666666666,0.08021238172566963,0.07314068794116826,0.08021238172566963,0.07314068794116826,0.08361248529075979,0.0759534918608739,synthetic_chicago_authorized_2026-01-27.csv
333,syn-1-07-u02,2026-01-27,test,0,True,11,0.6666666666666666,0.15324275227453468,0.10110264064212054,0.15324275227453468,0.10110264064212054,0.1663412278576871,0.10658642304434444,synthetic_chicago_authorized_2026-01-27.csv
334,syn-1-07-u03,2026-01-27,test,0,True,11,0.6666666666666666,0.04378062136029523,0.026005331204821024,0.04378062136029523,0.026005331204821024,0.04476791669168109,0.02634944887082505,synthetic_chicago_authorized_2026-01-27.csv
335,syn-1-07-p03-1,2026-01-27,test,1,True,11,0.6666666666666666,0.00749234865977944,0.9999200417933093,0.00749234865977944,0.9999200417933093,0.007520557291594583,9.43400647616281,synthetic_chicago_authorized_2026-01-27.csv
336,syn-1-08-p00-0,2026-01-27,test,1,True,11,0.6666666666666666,0.9996479209940626,0.9954579382859888,0.9996479209940626,0.9954579382859888,7.951654958865211,5.394374247982201,synthetic_chicago_authorized_2026-01-27.csv
337,syn-1-08-p00-1,2026-01-27,test,1,True,11,0.6666666666666666,0.9993461412505669,0.9944004701192254,0.9993461412505669,0.9944004701192254,7.33261920929402,5.185072634626694,synthetic_chicago_authorized_2026-01-27.csv
338,syn-1-08-p01-0,2026-01-27,test,1,True,11,0.6666666666666666,0.9999602132310437,0.998866422726983,0.9999602132310437,0.998866422726983,10.131976139226355,6.782376918291791,synthetic_chicago_authorized_2026-01-27.csv
339,syn-1-08-p01-1,2026-01-27,test,1,True,11,0.6666666666666666,0.999910602041339,0.9990596463895398,0.999910602041339,0.9990596463895398,9.322412709814728,6.969254572098107,synthetic_chicago_authorized_2026-01-27.csv
340,syn-1-08-p02-0,2026-01-27,test,1,True,11,0.6666666666666666,0.999999454232961,0.9997748689861495,0.999999454232961,0.9997748689861495,14.42107362067386,8.39882804144165,synthetic_chicago_authorized_2026-01-27.csv
341,syn-1-08-p02-1,2026-01-27,test,1,True,11,0.6666666666666666,0.999999793204562,0.9998824718789604,0.999999793204562,0.9998824718789604,15.391535754269125,9.048832925017914,synthetic_chicago_authorized_2026-01-27.csv
342,syn-1-08-p03-0,2026-01-27,test,1,True,11,0.6666666666666666,0.9999819956539895,0.9986971660310952,0.9999819956539895,0.9986971660310952,10.92489738418303,6.6432134111342,synthetic_chicago_authorized_2026-01-27.csv
343,syn-1-08-p03-1,2026-01-27,test,1,True,11,0.6666666666666666,0.9999881220418672,0.9991671201775872,0.9999881220418672,0.9991671201775872,11.340826133143969,7.090621197018523,synthetic_chicago_authorized_2026-01-27.csv
344,syn-1-08-u00,2026-01-27,test,0,True,11,0.6666666666666666,0.0028252030707197353,0.008655491996645902,0.0028252030707197353,0.008655491996645902,0.0028292014895876824,0.00869316832983826,synthetic_chicago_authorized_2026-01-27.csv
345,syn-1-08-u01,2026-01-27,test,0,True,11,0.6666666666666666,0.003218948938200606,0.06902986961305226,0.003218948938200606,0.06902986961305226,0.0032241408990991995,0.07152808558500699,synthetic_chicago_authorized_2026-01-27.csv
346,syn-1-08-u02,2026-01-27,test,0,True,11,0.6666666666666666,0.07888560013678164,0.09502898447606581,0.07888560013678164,0.09502898447606581,0.08217103777693793,0.09985236284046428,synthetic_chicago_authorized_2026-01-27.csv
347,syn-1-08-u03,2026-01-27,test,0,True,11,0.6666666666666666,0.02969824212949611,0.03236419943405801,0.02969824212949611,0.03236419943405801,0.03014816527520406,0.03289950158601312,synthetic_chicago_authorized_2026-01-27.csv
348,syn-1-09-p00-0,2026-01-27,test,1,True,11,0.6666666666666666,0.9999862055196364,0.9844764400697137,0.9999862055196364,0.9844764400697137,11.191242019457855,4.165396413578495,synthetic_chicago_authorized_2026-01-27.csv
349,syn-1-09-p00-1,2026-01-27,test,1,True,11,0.6666666666666666,0.9999984674335032,0.9987969653405081,0.9999984674335032,0.9987969653405081,13.388566778989238,6.722908031521948,synthetic_chicago_authorized_2026-01-27.csv
350,syn-1-09-p01-0,2026-01-27,test,1,True,11,0.6666666666666666,0.9999844987891279,0.9987088967010077,0.9999844987891279,0.9987088967010077,11.074592416305673,6.652258155607303,synthetic_chicago_authorized_2026-01-27.csv
351,syn-1-09-p01-1,2026-01-27,test,1,True,11,0.6666666666666666,0.9999908692467596,0.9992775136301176,0.9999908692467596,0.9992775136301176,11.60386236507018,7.232812003370288,synthetic_chicago_authorized_2026-01-27.csv
352,syn-1-09-p02-0,2026-01-27,test,1,True,11,0.6666666666666666,0.999999575733639,0.9988774514114573,0.999999575733639,0.9988774514114573,14.672904368993327,6.792153653277851,synthetic_chicago_authorized_2026-01-27.csv
353,syn-1-09-p02-1,2026-01-27,test,1,True,11,0.6666666666666666,0.9999996892282378,0.9992553221508527,0.9999996892282378,0.9992553221508527,14.98420707777387,7.202558850355884,synthetic_chicago_authorized_2026-01-27.csv
354,syn-1-09-p03-0,2026-01-27,test,1,True,11,0.6666666666666666,0.9999973533367826,0.9996088524320136,0.9999973533367826,0.9996088524320136,12.842210874626351,7.84642565745071,synthetic_chicago_authorized_2026-01-27.csv
355,syn-1-09-p03-1,2026-01-27,test,1,True,11,0.6666666666666666,0.9999984770464939,0.9997161319744874,0.9999984770464939,0.9997161319744874,13.394859012338017,8.16700112670838,synthetic_chicago_authorized_2026-01-27.csv
356,syn-1-09-u00,2026-01-27,test,0,True,11,0.6666666666666666,0.05147774870898045,0.02338587626406346,0.05147774870898045,0.02338587626406346,0.05285003042939596,0.023663665308900607,synthetic_chicago_authorized_2026-01-27.csv
357,syn-1-09-u01,2026-01-27,test,0,True,11,0.6666666666666666,0.029139196425738305,0.055711560708981735,0.029139196425738305,0.055711560708981735,0.029572174649465106,0.05732360941114279,synthetic_chicago_authorized_2026-01-27.csv
358,syn-1-09-u02,2026-01-27,test,0,True,11,0.6666666666666666,0.08024886657863213,0.067771354090015,0.08024886657863213,0.067771354090015,0.08365215268339682,0.07017716615499749,synthetic_chicago_authorized_2026-01-27.csv
359,syn-1-09-u03,2026-01-27,test,0,True,11,0.6666666666666666,0.052306834561160975,0.02539503584439517,0.052306834561160975,0.02539503584439517,0.05372449426688858,0.025723055054403386,synthetic_chicago_authorized_2026-01-27.csv
360,syn-1-10-p00-0,2026-01-27,test,1,True,11,0.6666666666666666,2.7506345381113158e-05,0.8787837866231181,2.7506345381113158e-05,0.8787837866231181,2.7506723687568507e-05,2.1101794405571814,synthetic_chicago_authorized_2026-01-27.csv
361,syn-1-10-p00-1,2026-01-27,test,1,True,11,0.6666666666666666,0.9998748388022047,0.9985785135463242,0.9998748388022047,0.9985785135463242,8.9859080690969,6.556052156517087,synthetic_chicago_authorized_2026-01-27.csv
362,syn-1-10-p01-0,2026-01-27,test,1,True,11,0.6666666666666666,0.9999999303820399,0.9999956163587468,0.9999999303820399,0.9999956163587468,16.4802432557909,12.337630842593798,synthetic_chicago_authorized_2026-01-27.csv
363,syn-1-10-p01-1,2026-01-27,test,1,True,11,0.6666666666666666,0.9999999766400046,0.9999965065849435,0.9999999766400046,0.9999965065849435,17.572240878894,12.564630773977068,synthetic_chicago_authorized_2026-01-27.csv
364,syn-1-10-p02-0,2026-01-27,test,1,True,11,0.6666666666666666,0.9999999933794551,0.9999972436261427,0.9999999933794551,0.9999972436261427,18.83308815950906,12.801594561892852,synthetic_chicago_authorized_2026-01-27.csv
365,syn-1-10-p02-1,2026-01-27,test,1,True,11,0.6666666666666666,0.9998880982610513,0.997463526556382,0.9998880982610513,0.997463526556382,9.09788940256442,5.976980570707599,synthetic_chicago_authorized_2026-01-27.csv
366,syn-1-10-p03-0,2026-01-27,test,1,True,11,0.6666666666666666,0.9999998417942153,0.9999847619921968,0.9999998417942153,0.9999847619921968,15.659369216403691,11.091717737822687,synthetic_chicago_authorized_2026-01-27.csv
367,syn-1-10-p03-1,2026-01-27,test,1,True,11,0.6666666666666666,0.9999993483065349,0.999968471389231,0.9999993483065349,0.999968471389231,14.243691531161193,10.364615145983969,synthetic_chicago_authorized_2026-01-27.csv
368,syn-1-10-u00,2026-01-27,test,0,True,11,0.6666666666666666,0.08949175684506712,0.02024931959880259,0.08949175684506712,0.02024931959880259,0.09375232641785863,0.02045714743854201,synthetic_chicago_authorized_2026-01-27.csv
369,syn-1-10-u01,2026-01-27,test,0,True,11,0.6666666666666666,0.13557927847338855,0.16942329435262163,0.13557927847338855,0.16942329435262163,0.14569568248655834,0.18563499339019765,synthetic_chicago_authorized_2026-01-27.csv
370,syn-1-10-u02,2026-01-27,test,0,True,11,0.6666666666666666,0.3004236985505606,0.1688938796107018,0.3004236985505606,0.1688938796107018,0.3572804108404875,0.18499779024704952,synthetic_chicago_authorized_2026-01-27.csv
371,syn-1-10-u03,2026-01-27,test,0,True,11,0.6666666666666666,0.026303238258531515,0.026451361060185075,0.026303238258531515,0.026451361060185075,0.02665535672805845,0.026807492459782277,synthetic_chicago_authorized_2026-01-27.csv
372,syn-1-11-p00-0,2026-01-27,test,1,True,11,0.6666666666666666,0.9497136006118247,0.9973222634858536,0.9497136006118247,0.9973222634858536,2.990020628335494,5.922783425595361,synthetic_chicago_authorized_2026-01-27.csv
373,syn-1-11-p00-1,2026-01-27,test,1,True,11,0.6666666666666666,0.9965684031327,0.9800542842177458,0.9965684031327,0.9800542842177458,5.6747295671636575,3.9147409064645453,synthetic_chicago_authorized_2026-01-27.csv
374,syn-1-11-p01-0,2026-01-27,test,1,True,11,0.6666666666666666,0.9213730735947643,0.9964152182930462,0.9213730735947643,0.9964152182930462,2.5430410630822124,5.631057697452859,synthetic_chicago_authorized_2026-01-27.csv
375,syn-1-11-p02-0,2026-01-27,test,1,True,11,0.6666666666666666,0.9998553467428465,0.9968232447885533,0.9998553467428465,0.9968232447885533,8.841171009315373,5.751894976884648,synthetic_chicago_authorized_2026-01-27.csv
376,syn-1-11-p02-1,2026-01-27,test,1,True,11,0.6666666666666666,0.9996657346614947,0.9946149411941575,0.9996657346614947,0.9946149411941575,8.003575453714756,5.2241270481284054,synthetic_chicago_authorized_2026-01-27.csv
377,syn-1-11-p03-1,2026-01-27,test,1,True,11,0.6666666666666666,0.9440774562471811,0.9993408563735819,0.9440774562471811,0.9993408563735819,2.8837876929492126,7.324569101202389,synthetic_chicago_authorized_2026-01-27.csv
378,syn-1-11-u00,2026-01-27,test,0,True,11,0.6666666666666666,0.06660737809865655,0.016885129776468624,0.06660737809865655,0.016885129776468624,0.06892935003875623,0.01702930887324978,synthetic_chicago_authorized_2026-01-27.csv
379,syn-1-11-u01,2026-01-27,test,0,True,11,0.6666666666666666,0.0962618166722575,0.10276909461601377,0.0962618166722575,0.10276909461601377,0.1012155807506681,0.10844203044697595,synthetic_chicago_authorized_2026-01-27.csv
380,syn-1-11-u02,2026-01-27,test,0,True,11,0.6666666666666666,0.09521787318793228,0.07526728076702059,0.09521787318793228,0.07526728076702059,0.10006110811973319,0.0782505354049996,synthetic_chicago_authorized_2026-01-27.csv
381,syn-1-11-u03,2026-01-27,test,0,True,11,0.6666666666666666,0.045316524372068595,0.0263727810630649,0.045316524372068595,0.0263727810630649,0.046375432572551806,0.026726780697827177,synthetic_chicago_authorized_2026-01-27.csv
382,syn-1-11-p01-1,2026-01-27,test,1,True,11,0.6666666666666666,0.22834795970409882,0.995948047347975,0.22834795970409882,0.995948047347975,0.2592215555697178,5.50855637775159,synthetic_chicago_authorized_2026-01-27.csv
383,syn-1-11-p03-0,2026-01-27,test,1,True,11,0.6666666666666666,0.22787781370265442,0.9974416940973669,0.22787781370265442,0.9974416940973669,0.2586124690752286,5.968409996332275,synthetic_chicago_authorized_2026-01-27.csv
384,syn-1-12-p00-0,2026-01-27,test,1,True,11,0.6666666666666666,0.9970650870128307,0.9841301182715848,0.9970650870128307,0.9841301182715848,5.831077472761906,4.1433321969974095,synthetic_chicago_authorized_2026-01-27.csv
385,syn-1-12-p00-1,2026-01-27,test,1,True,11,0.6666666666666666,0.9871289647014806,0.9973922481554212,0.9871289647014806,0.9973922481554212,4.352775817834044,5.949266791063472,synthetic_chicago_authorized_2026-01-27.csv
386,syn-1-12-p01-0,2026-01-27,test,1,True,11,0.6666666666666666,0.9723575971958998,0.9719383587411766,0.9723575971958998,0.9719383587411766,3.58840435173007,3.5733517149697684,synthetic_chicago_authorized_2026-01-27.csv
387,syn-1-12-p02-1,2026-01-27,test,1,True,11,0.6666666666666666,0.8513268772819738,0.9993835444983343,0.8513268772819738,0.9993835444983343,1.906005190218643,7.391524416933876,synthetic_chicago_authorized_2026-01-27.csv
388,syn-1-12-u00,2026-01-27,test,0,True,11,0.6666666666666666,0.02366152658468542,0.01869856698873093,0.02366152658468542,0.01869856698873093,0.02394595615697808,0.018875595451516562,synthetic_chicago_authorized_2026-01-27.csv
389,syn-1-12-u01,2026-01-27,test,0,True,11,0.6666666666666666,0.20304079870043942,0.13530351338790642,0.20304079870043942,0.13530351338790642,0.22695179184151387,0.14537671615330786,synthetic_chicago_authorized_2026-01-27.csv
390,syn-1-12-u02,2026-01-27,test,0,True,11,0.6666666666666666,0.562156189319907,0.18899032251201875,0.562156189319907,0.18899032251201875,0.8258930288221773,0.20947529215372535,synthetic_chicago_authorized_2026-01-27.csv
391,syn-1-12-u03,2026-01-27,test,0,True,11,0.6666666666666666,0.03113706028986128,0.025398194791436915,0.03113706028986128,0.025398194791436915,0.03163212218324674,0.02572629631858469,synthetic_chicago_authorized_2026-01-27.csv
392,syn-1-12-p01-1,2026-01-27,test,1,True,11,0.6666666666666666,0.23678488254495403,0.9429087558010754,0.23678488254495403,0.9429087558010754,0.2702153510580645,2.863104515603148,synthetic_chicago_authorized_2026-01-27.csv
393,syn-1-12-p02-0,2026-01-27,test,1,True,11,0.6666666666666666,0.7526259294612331,0.9992763452411959,0.7526259294612331,0.9992763452411959,1.396853632363012,7.23119613178937,synthetic_chicago_authorized_2026-01-27.csv
394,syn-1-12-p03-0,2026-01-27,test,1,True,11,0.6666666666666666,0.9407385950826133,0.9957870025387695,0.9407385950826133,0.9957870025387695,2.8257970294331862,5.469580898589176,synthetic_chicago_authorized_2026-01-27.csv
395,syn-1-12-p03-1,2026-01-27,test,1,True,11,0.6666666666666666,0.8216067773132364,0.8732429589715455,0.8216067773132364,0.8732429589715455,1.723765048981815,2.0654830875333663,synthetic_chicago_authorized_2026-01-27.csv
396,syn-1-13-p00-0,2026-01-27,test,1,True,11,0.6666666666666666,0.9989238017266958,0.9981596197778798,0.9989238017266958,0.9981596197778798,6.834320565347892,6.297783086252207,synthetic_chicago_authorized_2026-01-27.csv
397,syn-1-13-p00-1,2026-01-27,test,1,True,11,0.6666666666666666,0.9991236595862193,0.9996916681490075,0.9991236595862193,0.9996916681490075,7.039755942307155,8.084333916723411,synthetic_chicago_authorized_2026-01-27.csv
398,syn-1-13-p01-1,2026-01-27,test,1,True,11,0.6666666666666666,0.7146783507545559,0.9982500629170256,0.7146783507545559,0.9982500629170256,1.2541381412530879,6.348175444279036,synthetic_chicago_authorized_2026-01-27.csv
399,syn-1-13-u00,2026-01-27,test,0,True,11,0.6666666666666666,0.011929679367111439,0.010938389137624557,0.011929679367111439,0.010938389137624557,0.012001409037425834,0.010998653180055565,synthetic_chicago_authorized_2026-01-27.csv
400,syn-1-13-u01,2026-01-27,test,0,True,11,0.6666666666666666,0.4697382278254907,0.1911777419939177,0.4697382278254907,0.1911777419939177,0.6343844846060238,0.21217609186462405,synthetic_chicago_authorized_2026-01-27.csv
401,syn-1-13-u02,2026-01-27,test,0,True,11,0.6666666666666666,0.07967679507058445,0.07708869798295963,0.07967679507058445,0.07708869798295963,0.08303036092797042,0.08022214658660823,synthetic_chicago_authorized_2026-01-27.csv
402,syn-1-13-u03,2026-01-27,test,0,True,11,0.6666666666666666,0.014598760249967065,0.024333060053356725,0.014598760249967065,0.024333060053356725,0.014706370754501805,0.02463400086276301,synthetic_chicago_authorized_2026-01-27.csv
403,syn-1-13-p01-0,2026-01-27,test,1,True,11,0.6666666666666666,0.5602932093470996,0.9972833711178036,0.5602932093470996,0.9972833711178036,0.8216471590826956,5.908363548888192,synthetic_chicago_authorized_2026-01-27.csv
404,syn-1-13-p02-0,2026-01-27,test,1,True,11,0.6666666666666666,0.8839391335750924,0.9722020315390589,0.8839391335750924,0.9722020315390589,2.1536405149286737,3.5827923379003597,synthetic_chicago_authorized_2026-01-27.csv
405,syn-1-13-p02-1,2026-01-27,test,1,True,11,0.6666666666666666,0.8934554606686628,0.9980518255226948,0.8934554606686628,0.9980518255226948,2.239192171574036,6.2408625103675455,synthetic_chicago_authorized_2026-01-27.csv
406,syn-1-13-p03-0,2026-01-27,test,1,True,11,0.6666666666666666,0.9419665722791872,0.9978548121611877,0.9419665722791872,0.9978548121611877,2.846736094441823,6.144528159894359,synthetic_chicago_authorized_2026-01-27.csv
407,syn-1-13-p03-1,2026-01-27,test,1,True,11,0.6666666666666666,0.9310873383323169,0.9685505395658849,0.9310873383323169,0.9685505395658849,2.6749153490842064,3.4593734522908037,synthetic_chicago_authorized_2026-01-27.csv
408,syn-1-14-p00-0,2026-01-27,test,1,True,11,0.6666666666666666,0.9998474205913122,0.9993511384179347,0.9998474205913122,0.9993511384179347,8.787825384733651,7.340291142797204,synthetic_chicago_authorized_2026-01-27.csv
409,syn-1-14-p00-1,2026-01-27,test,1,True,11,0.6666666666666666,0.999893476074225,0.9996391536245632,0.999893476074225,0.9996391536245632,9.147140942881222,7.927058243011304,synthetic_chicago_authorized_2026-01-27.csv
410,syn-1-14-p01-0,2026-01-27,test,1,True,11,0.6666666666666666,0.9924134160869157,0.9984208419802776,0.9924134160869157,0.9984208419802776,4.881373866217292,6.450863472894227,synthetic_chicago_authorized_2026-01-27.csv
411,syn-1-14-u00,2026-01-27,test,0,True,11,0.6666666666666666,0.08776490623090735,0.017685137722493003,0.08776490623090735,0.017685137722493003,0.0918575438713275,0.01784338833585004,synthetic_chicago_authorized_2026-01-27.csv
412,syn-1-14-u01,2026-01-27,test,0,True,11,0.6666666666666666,0.09220204974589712,0.061096559636335285,0.09220204974589712,0.061096559636335285,0.09673344688906374,0.06304263747505189,synthetic_chicago_authorized_2026-01-27.csv
413,syn-1-14-u02,2026-01-27,test,0,True,11,0.6666666666666666,0.1442695191860096,0.061682762617087786,0.1442695191860096,0.061682762617087786,0.15579981128101433,0.06366718098957405,synthetic_chicago_authorized_2026-01-27.csv
414,syn-1-14-u03,2026-01-27,test,0,True,11,0.6666666666666666,0.10151034244766789,0.02223007577132718,0.10151034244766789,0.02223007577132718,0.10704008361794819,0.022480887923172935,synthetic_chicago_authorized_2026-01-27.csv
415,syn-1-14-p01-1,2026-01-27,test,1,True,11,0.6666666666666666,0.16952527653925806,0.8758989464565451,0.16952527653925806,0.8758989464565451,0.18575778571917367,2.086659097335774,synthetic_chicago_authorized_2026-01-27.csv
416,syn-1-14-p02-0,2026-01-27,test,1,True,11,0.6666666666666666,0.38344048752555154,0.9405274039591685,0.38344048752555154,0.9405274039591685,0.4836004282314603,2.822239643268162,synthetic_chicago_authorized_2026-01-27.csv
417,syn-1-14-p02-1,2026-01-27,test,1,True,11,0.6666666666666666,0.4136945238052747,0.9182364245357072,0.4136945238052747,0.9182364245357072,0.5339143347950976,2.503923422266036,synthetic_chicago_authorized_2026-01-27.csv
418,syn-1-14-p03-0,2026-01-27,test,1,True,11,0.6666666666666666,0.9985804661325088,0.9852229582300722,0.9985804661325088,0.9852229582300722,6.5574267235890416,4.214680534379397,synthetic_chicago_authorized_2026-01-27.csv
419,syn-1-14-p03-1,2026-01-27,test,1,True,11,0.6666666666666666,0.9985815774269977,0.9858104799933943,0.9985815774269977,0.9858104799933943,6.558209888918713,4.255251614555264,synthetic_chicago_authorized_2026-01-27.csv
420,syn-1-15-p00-0,2026-01-27,test,1,True,11,0.6666666666666666,0.9982678369828738,0.9847480023032686,0.9982678369828738,0.9847480023032686,6.35838435252836,4.183044788001038,synthetic_chicago_authorized_2026-01-27.csv
421,syn-1-15-p00-1,2026-01-27,test,1,True,11,0.6666666666666666,0.9985429563264496,0.9877372711234825,0.9985429563264496,0.9877372711234825,6.531345777235185,4.401190789513157,synthetic_chicago_authorized_2026-01-27.csv
422,syn-1-15-p01-0,2026-01-27,test,1,True,11,0.6666666666666666,0.9810737770642682,0.9745144807343772,0.9810737770642682,0.9745144807343772,3.967206861628485,3.669644860054451,synthetic_chicago_authorized_2026-01-27.csv
423,syn-1-15-p01-1,2026-01-27,test,1,True,11,0.6666666666666666,0.7995960037249793,0.692422124157563,0.7995960037249793,0.692422124157563,1.6074199684781372,1.179026969026988,synthetic_chicago_authorized_2026-01-27.csv
424,syn-1-15-p02-0,2026-01-27,test,1,True,11,0.6666666666666666,0.999198636840707,0.9972815731242551,0.999198636840707,0.9972815731242551,7.129196331254375,5.907701920491259,synthetic_chicago_authorized_2026-01-27.csv
425,syn-1-15-p02-1,2026-01-27,test,1,True,11,0.6666666666666666,0.9970650412641305,0.9964404567019738,0.9970650412641305,0.9964404567019738,5.8310618851298806,5.638123029418988,synthetic_chicago_authorized_2026-01-27.csv
426,syn-1-15-p03-1,2026-01-27,test,1,True,11,0.6666666666666666,0.11731817566059803,0.9864949981045563,0.11731817566059803,0.9864949981045563,0.12479047815083824,4.304695151386317,synthetic_chicago_authorized_2026-01-27.csv
427,syn-1-15-u00,2026-01-27,test,0,True,11,0.6666666666666666,0.0017010934229403077,0.01122122244278212,0.0017010934229403077,0.01122122244278212,0.00170254192528204,0.01128465533547871,synthetic_chicago_authorized_2026-01-27.csv
428,syn-1-15-u01,2026-01-27,test,0,True,11,0.6666666666666666,0.1598703880505191,0.08897867908059882,0.1598703880505191,0.08897867908059882,0.17419909910793085,0.09318897813281635,synthetic_chicago_authorized_2026-01-27.csv
429,syn-1-15-u02,2026-01-27,test,0,True,11,0.6666666666666666,0.21463065175021367,0.10075898170097967,0.21463065175021367,0.10075898170097967,0.2416011645290237,0.10620418444736515,synthetic_chicago_authorized_2026-01-27.csv
430,syn-1-15-u03,2026-01-27,test,0,True,11,0.6666666666666666,0.14732209134756982,0.03485704859097692,0.14732209134756982,0.03485704859097692,0.15937340109591436,0.03547905243907741,synthetic_chicago_authorized_2026-01-27.csv
431,syn-1-15-p03-0,2026-01-27,test,1,True,11,0.6666666666666666,0.00869226715035358,0.9851142719180047,0.00869226715035358,0.9851142719180047,0.008730265257836156,4.207352371905109,synthetic_chicago_authorized_2026-01-27.csv
432,syn-1-16-p00-0,2026-01-27,test,1,True,11,0.6666666666666666,0.9998215427585327,0.9952799264534952,0.9998215427585327,0.9952799264534952,8.631161529040645,5.355930897619448,synthetic_chicago_authorized_2026-01-27.csv
433,syn-1-16-p00-1,2026-01-27,test,1,True,11,0.6666666666666666,0.9998149009196434,0.9951328359431152,0.9998149009196434,0.9951328359431152,8.594619306756943,5.325243840688895,synthetic_chicago_authorized_2026-01-27.csv
434,syn-1-16-p01-0,2026-01-27,test,1,True,11,0.6666666666666666,0.9950950771610001,0.9273908940031199,0.9950950771610001,0.9273908940031199,5.3175159171793,2.6226649380624187,synthetic_chicago_authorized_2026-01-27.csv
435,syn-1-16-p01-1,2026-01-27,test,1,True,11,0.6666666666666666,0.9999227442067736,0.9988794982175243,0.9999227442067736,0.9988794982175243,9.468388651776143,6.793978673938582,synthetic_chicago_authorized_2026-01-27.csv
436,syn-1-16-p02-0,2026-01-27,test,1,True,11,0.6666666666666666,0.9952528288512469,0.8804979811411606,0.9952528288512469,0.8804979811411606,5.35020638597544,2.124422013537048,synthetic_chicago_authorized_2026-01-27.csv
437,syn-1-16-p02-1,2026-01-27,test,1,True,11,0.6666666666666666,0.999999750993766,0.9998217350036945,0.999999750993766,0.9998217350036945,15.205787904836292,8.632239371462825,synthetic_chicago_authorized_2026-01-27.csv
438,syn-1-16-p03-0,2026-01-27,test,1,True,11,0.6666666666666666,0.9999986091326241,0.9996576731918185,0.9999986091326241,0.9996576731918185,13.485582993964444,7.979744697699128,synthetic_chicago_authorized_2026-01-27.csv
439,syn-1-16-p03-1,2026-01-27,test,1,True,11,0.6666666666666666,0.9999983100344227,0.9996557935738812,0.9999983100344227,0.9996557935738812,13.290802397703473,7.974269004637703,synthetic_chicago_authorized_2026-01-27.csv
440,syn-1-16-u00,2026-01-27,test,0,True,11,0.6666666666666666,0.0020582781941665437,0.00844948337077199,0.0020582781941665437,0.00844948337077199,0.0020603993598613548,0.008485382618485957,synthetic_chicago_authorized_2026-01-27.csv
441,syn-1-16-u01,2026-01-27,test,0,True,11,0.6666666666666666,0.18939928499799136,0.13643679198640546,0.18939928499799136,0.13643679198640546,0.2099796827231703,0.1466881842902492,synthetic_chicago_authorized_2026-01-27.csv
442,syn-1-16-u02,2026-01-27,test,0,True,11,0.6666666666666666,0.09534488801427404,0.0856257946299451,0.09534488801427404,0.0856257946299451,0.10020149964459733,0.08951537624976103,synthetic_chicago_authorized_2026-01-27.csv
443,syn-1-16-u03,2026-01-27,test,0,True,11,0.6666666666666666,0.04672873456066612,0.029731769556724772,0.04672873456066612,0.029731769556724772,0.04785577213836487,0.030182719480858995,synthetic_chicago_authorized_2026-01-27.csv
444,syn-1-17-p00-0,2026-01-27,test,1,True,11,0.6666666666666666,0.7829730483685879,0.823939095610887,0.7829730483685879,0.823939095610887,1.5277337320875763,1.7369252961392543,synthetic_chicago_authorized_2026-01-27.csv
445,syn-1-17-p00-1,2026-01-27,test,1,True,11,0.6666666666666666,0.8232341705152313,0.9370842567623848,0.8232341705152313,0.9370842567623848,1.7329294196030354,2.765958856646858,synthetic_chicago_authorized_2026-01-27.csv
446,syn-1-17-p01-0,2026-01-27,test,1,True,11,0.6666666666666666,0.3415610661770029,0.7085839312205786,0.3415610661770029,0.7085839312205786,0.41788349737157615,1.2330032433665568,synthetic_chicago_authorized_2026-01-27.csv
447,syn-1-17-p01-1,2026-01-27,test,1,True,11,0.6666666666666666,0.5059833811549895,0.9340956003951263,0.5059833811549895,0.9340956003951263,0.7051861209734124,2.719550077867949,synthetic_chicago_authorized_2026-01-27.csv
448,syn-1-17-p02-0,2026-01-27,test,1,True,11,0.6666666666666666,0.9997300992184992,0.9956055972894491,0.9997300992184992,0.9956055972894491,8.217456142424545,5.427423659116706,synthetic_chicago_authorized_2026-01-27.csv
449,syn-1-17-p02-1,2026-01-27,test,1,True,11,0.6666666666666666,0.9995878705371919,0.9939816710395774,0.9995878705371919,0.9939816710395774,7.7941730278578,5.112945639519376,synthetic_chicago_authorized_2026-01-27.csv
450,syn-1-17-p03-0,2026-01-27,test,1,True,11,0.6666666666666666,0.9997257815460442,0.995956930479685,0.9997257815460442,0.995956930479685,8.201585492022014,5.510751093241307,synthetic_chicago_authorized_2026-01-27.csv
451,syn-1-17-p03-1,2026-01-27,test,1,True,11,0.6666666666666666,0.9997178497934692,0.9961735343452416,0.9997178497934692,0.9961735343452416,8.173070981560313,5.5658137073828575,synthetic_chicago_authorized_2026-01-27.csv
452,syn-1-17-u00,2026-01-27,test,0,True,11,0.6666666666666666,0.0019840647679272303,0.009999736172454818,0.0019840647679272303,0.009999736172454818,0.0019860356317413412,0.01005006936106707,synthetic_chicago_authorized_2026-01-27.csv
453,syn-1-17-u01,2026-01-27,test,0,True,11,0.6666666666666666,0.04889028787011968,0.07100175195355067,0.04889028787011968,0.07100175195355067,0.05012585807513138,0.0736484260188934,synthetic_chicago_authorized_2026-01-27.csv
454,syn-1-17-u02,2026-01-27,test,0,True,11,0.6666666666666666,0.14955021578674013,0.15671517045990066,0.14955021578674013,0.15671517045990066,0.16198991155449272,0.17045050196202502,synthetic_chicago_authorized_2026-01-27.csv
455,syn-1-17-u03,2026-01-27,test,0,True,11,0.6666666666666666,0.03494239094119767,0.030346906024627928,0.03494239094119767,0.030346906024627928,0.03556748091850514,0.03081690652832029,synthetic_chicago_authorized_2026-01-27.csv
456,syn-1-18-p00-0,2026-01-27,test,1,True,11,0.6666666666666666,0.9999926766971918,0.99911247040066,0.9999926766971918,0.99911247040066,11.824449128450281,7.027068685801837,synthetic_chicago_authorized_2026-01-27.csv
457,syn-1-18-p00-1,2026-01-27,test,1,True,11,0.6666666666666666,0.9999819729240758,0.9987565158207061,0.9999819729240758,0.9987565158207061,10.923635712258996,6.689838017524769,synthetic_chicago_authorized_2026-01-27.csv
458,syn-1-18-p01-0,2026-01-27,test,1,True,11,0.6666666666666666,0.9995302792252337,0.9931500169640801,0.9995302792252337,0.9931500169640801,7.663372136047297,4.983509103219122,synthetic_chicago_authorized_2026-01-27.csv
459,syn-1-18-p01-1,2026-01-27,test,1,True,11,0.6666666666666666,0.9999328570446823,0.9917498127981172,0.9999328570446823,0.9917498127981172,9.608686550138167,4.797519387755681,synthetic_chicago_authorized_2026-01-27.csv
460,syn-1-18-p02-0,2026-01-27,test,1,True,11,0.6666666666666666,0.9961268642475954,0.9187259809960637,0.9961268642475954,0.9187259809960637,5.553690828094382,2.5099288829488473,synthetic_chicago_authorized_2026-01-27.csv
461,syn-1-18-p02-1,2026-01-27,test,1,True,11,0.6666666666666666,0.9995467285436234,0.9880227702109905,0.9995467285436234,0.9880227702109905,7.69901937050518,4.4247479493438,synthetic_chicago_authorized_2026-01-27.csv
462,syn-1-18-p03-0,2026-01-27,test,1,True,11,0.6666666666666666,0.9999045051804878,0.9908063382579797,0.9999045051804878,0.9908063382579797,9.256438557894594,4.689240973440863,synthetic_chicago_authorized_2026-01-27.csv
463,syn-1-18-p03-1,2026-01-27,test,1,True,11,0.6666666666666666,0.9998833090455123,0.9916627184525664,0.9998833090455123,0.9916627184525664,9.05598153249248,4.787018069291019,synthetic_chicago_authorized_2026-01-27.csv
464,syn-1-18-u00,2026-01-27,test,0,True,11,0.6666666666666666,0.029522645462946834,0.019488350492271274,0.029522645462946834,0.019488350492271274,0.02996721045566192,0.019680752225364577,synthetic_chicago_authorized_2026-01-27.csv
465,syn-1-18-u01,2026-01-27,test,0,True,11,0.6666666666666666,0.16884152542703304,0.13937215670477507,0.16884152542703304,0.13937215670477507,0.18493479885104105,0.15009310574842252,synthetic_chicago_authorized_2026-01-27.csv
466,syn-1-18-u02,2026-01-27,test,0,True,11,0.6666666666666666,0.09068183981548797,0.057724648235002986,0.09068183981548797,0.057724648235002986,0.09506023484020677,0.05945774163568672,synthetic_chicago_authorized_2026-01-27.csv
467,syn-1-18-u03,2026-01-27,test,0,True,11,0.6666666666666666,0.03503896896841513,0.02596496288424121,0.03503896896841513,0.02596496288424121,0.035667560809229455,0.02630800358848351,synthetic_chicago_authorized_2026-01-27.csv
468,syn-1-19-p00-0,2026-01-27,test,1,True,11,0.6666666666666666,0.7528256937008085,0.9955132482560852,0.7528256937008085,0.9955132482560852,1.3976614977197535,5.40662628137389,synthetic_chicago_authorized_2026-01-27.csv
469,syn-1-19-p00-1,2026-01-27,test,1,True,11,0.6666666666666666,0.755205196029122,0.9718211680181741,0.755205196029122,0.9718211680181741,1.4073349541783906,3.569184221850886,synthetic_chicago_authorized_2026-01-27.csv
470,syn-1-19-u02,2026-01-27,test,0,True,11,0.6666666666666666,0.03061838601451044,0.1812518760709048,0.03061838601451044,0.1812518760709048,0.031096922136645187,0.1999787834196118,synthetic_chicago_authorized_2026-01-27.csv
471,syn-1-19-u03,2026-01-27,test,0,True,11,0.6666666666666666,0.017752867429176283,0.030962955096943058,0.017752867429176283,0.030962955096943058,0.017912339793617952,0.03145243778800546,synthetic_chicago_authorized_2026-01-27.csv
472,syn-1-19-p01-0,2026-01-27,test,1,True,11,0.6666666666666666,0.9113609994146469,0.9382327039844105,0.9113609994146469,0.9382327039844105,2.4231833310314608,2.784381245275555,synthetic_chicago_authorized_2026-01-27.csv
473,syn-1-19-p01-1,2026-01-27,test,1,True,11,0.6666666666666666,0.9959152104414216,0.9749373096253006,0.9959152104414216,0.9749373096253006,5.500485067645029,3.6863749779462176,synthetic_chicago_authorized_2026-01-27.csv
474,syn-1-19-p02-0,2026-01-27,test,1,True,11,0.6666666666666666,0.9980200508993979,0.9985883435891235,0.9980200508993979,0.9985883435891235,6.224684141372741,6.562991504595193,synthetic_chicago_authorized_2026-01-27.csv
475,syn-1-19-p02-1,2026-01-27,test,1,True,11,0.6666666666666666,0.997642085220686,0.9986236599125282,0.997642085220686,0.9986236599125282,6.049977618608245,6.5883274134163,synthetic_chicago_authorized_2026-01-27.csv
476,syn-1-19-p03-0,2026-01-27,test,1,True,11,0.6666666666666666,0.9993424056580229,0.9969974470556673,0.9993424056580229,0.9969974470556673,7.326922318308794,5.808292370749228,synthetic_chicago_authorized_2026-01-27.csv
477,syn-1-19-p03-1,2026-01-27,test,1,True,11,0.6666666666666666,0.9994100853422062,0.9954423395622953,0.9994100853422062,0.9954423395622953,7.435532679334152,5.390945849024012,synthetic_chicago_authorized_2026-01-27.csv
478,syn-1-19-u00,2026-01-27,test,0,True,11,0.6666666666666666,0.0024828169524350728,0.013550949278392496,0.0024828169524350728,0.013550949278392496,0.0024859042536392634,0.013643601359420294,synthetic_chicago_authorized_2026-01-27.csv
479,syn-1-19-u01,2026-01-27,test,0,True,11,0.6666666666666666,0.4478705685700291,0.16091367038265672,0.4478705685700291,0.16091367038265672,0.5939727829623225,0.17544168195930715,synthetic_chicago_authorized_2026-01-27.csv
