node_id,trip_id,event_day,split,y_match,candidate_eligible,candidate_degree,p_prevalence,p_rule_graph,p_ai_graph,p_rule,p_ai,rule_node_hazard,ai_node_hazard,_source_file
0,syn-0-00-p00-0,2026-01-20,train,1,True,11,0.6666666666666666,0.9999989916403943,0.9906977590990065,0.9999989916403943,0.9906977590990065,13.80718570027627,4.677499950752344,synthetic_chicago_authorized_2026-01-20.csv
1,syn-0-00-p00-1,2026-01-20,train,1,True,11,0.6666666666666666,0.9999990819040473,0.98975491393927,0.9999990819040473,0.98975491393927,13.900963928158895,4.580957097060084,synthetic_chicago_authorized_2026-01-20.csv
2,syn-0-00-p01-0,2026-01-20,train,1,True,11,0.6666666666666666,0.9999997910974687,0.9931592598330664,0.9999997910974687,0.9931592598330664,15.381398051344686,4.984859341662121,synthetic_chicago_authorized_2026-01-20.csv
3,syn-0-00-p01-1,2026-01-20,train,1,True,11,0.6666666666666666,0.9999998338931145,0.9956607338281884,0.9999998338931145,0.9956607338281884,15.610634367310173,5.440050030002329,synthetic_chicago_authorized_2026-01-20.csv
4,syn-0-00-p02-0,2026-01-20,train,1,True,11,0.6666666666666666,0.991167792960771,0.9917857675472269,0.991167792960771,0.9917857675472269,4.729350347780459,4.801886964265395,synthetic_chicago_authorized_2026-01-20.csv
5,syn-0-00-p02-1,2026-01-20,train,1,True,11,0.6666666666666666,0.9914750723526993,0.988167837230559,0.9914750723526993,0.988167837230559,4.764760742968717,4.436933796954183,synthetic_chicago_authorized_2026-01-20.csv
6,syn-0-00-p03-0,2026-01-20,train,1,True,11,0.6666666666666666,0.999950414367803,0.996436272273686,0.999950414367803,0.996436272273686,9.911809439643482,5.6369481678266595,synthetic_chicago_authorized_2026-01-20.csv
7,syn-0-00-p03-1,2026-01-20,train,1,True,11,0.6666666666666666,0.9998420176655455,0.9949100378080445,0.9998420176655455,0.9949100378080445,8.753027338437724,5.2804848763538805,synthetic_chicago_authorized_2026-01-20.csv
8,syn-0-00-u00,2026-01-20,train,0,True,11,0.6666666666666666,0.0050067986690876184,0.01833951709587391,0.0050067986690876184,0.01833951709587391,0.005019374680142082,0.018509770833168,synthetic_chicago_authorized_2026-01-20.csv
9,syn-0-00-u01,2026-01-20,train,0,True,11,0.6666666666666666,0.24168217709657094,0.13980701697326367,0.24168217709657094,0.13980701697326367,0.2766526897885273,0.15059851603994573,synthetic_chicago_authorized_2026-01-20.csv
10,syn-0-00-u02,2026-01-20,train,0,True,11,0.6666666666666666,0.256548374628599,0.13339502504928538,0.256548374628599,0.13339502504928538,0.2964515785861315,0.1431720289234609,synthetic_chicago_authorized_2026-01-20.csv
11,syn-0-00-u03,2026-01-20,train,0,True,11,0.6666666666666666,0.06544195707944607,0.030313020496150922,0.06544195707944607,0.030313020496150922,0.06768154281089543,0.030781961106479277,synthetic_chicago_authorized_2026-01-20.csv
12,syn-0-01-p00-0,2026-01-20,train,1,True,11,0.6666666666666666,0.9998285676526321,0.997544993421278,0.9998285676526321,0.997544993421278,8.671321845173033,6.009625838015415,synthetic_chicago_authorized_2026-01-20.csv
13,syn-0-01-p00-1,2026-01-20,train,1,True,11,0.6666666666666666,0.9998699505838026,0.9976187168818518,0.9998699505838026,0.9976187168818518,8.947596055141837,6.0401158113022015,synthetic_chicago_authorized_2026-01-20.csv
14,syn-0-01-p01-0,2026-01-20,train,1,True,11,0.6666666666666666,0.9999992036624598,0.9983610822847143,0.9999992036624598,0.9983610822847143,14.043242695462396,6.413719184699312,synthetic_chicago_authorized_2026-01-20.csv
15,syn-0-01-p01-1,2026-01-20,train,1,True,11,0.6666666666666666,0.9999994710635108,0.998827700905687,0.9999994710635108,0.998827700905687,14.4523974705505,6.748788420459491,synthetic_chicago_authorized_2026-01-20.csv
16,syn-0-01-p02-0,2026-01-20,train,1,True,11,0.6666666666666666,0.9999344250388338,0.9447247321863985,0.9999344250388338,0.9447247321863985,9.632316624415669,2.895429707137718,synthetic_chicago_authorized_2026-01-20.csv
17,syn-0-01-p02-1,2026-01-20,train,1,True,11,0.6666666666666666,0.998197630652932,0.9133703456418119,0.998197630652932,0.9133703456418119,6.3186531757218685,2.446113092950818,synthetic_chicago_authorized_2026-01-20.csv
18,syn-0-01-p03-0,2026-01-20,train,1,True,11,0.6666666666666666,0.9995641248204371,0.9658504308587028,0.9995641248204371,0.9658504308587028,7.738154641008894,3.3770053096980126,synthetic_chicago_authorized_2026-01-20.csv
19,syn-0-01-u00,2026-01-20,train,0,True,11,0.6666666666666666,0.050777112074334566,0.012188478307690749,0.050777112074334566,0.012188478307690749,0.05211164185234144,0.012263366950612281,synthetic_chicago_authorized_2026-01-20.csv
20,syn-0-01-u01,2026-01-20,train,0,True,11,0.6666666666666666,0.17343139240424438,0.15578837074375423,0.17343139240424438,0.15578837074375423,0.19047235537095297,0.16935207025332263,synthetic_chicago_authorized_2026-01-20.csv
21,syn-0-01-u02,2026-01-20,train,0,True,11,0.6666666666666666,0.13250874764727788,0.18606794167914986,0.13250874764727788,0.18606794167914986,0.1421498509552239,0.20587838289941562,synthetic_chicago_authorized_2026-01-20.csv
22,syn-0-01-u03,2026-01-20,train,0,True,11,0.6666666666666666,0.05478268124379133,0.04111517438251517,0.05478268124379133,0.04111517438251517,0.05634041098895036,0.0419843097287296,synthetic_chicago_authorized_2026-01-20.csv
23,syn-0-01-p03-1,2026-01-20,train,1,True,11,0.6666666666666666,0.00017279154736874456,0.9709170412289096,0.00017279154736874456,0.9709170412289096,0.0001728064775480629,3.537602885581634,synthetic_chicago_authorized_2026-01-20.csv
24,syn-0-02-p00-0,2026-01-20,train,1,True,11,0.6666666666666666,0.9997003528703114,0.9550168586788317,0.9997003528703114,0.9550168586788317,8.112905009986026,3.1014674967132767,synthetic_chicago_authorized_2026-01-20.csv
25,syn-0-02-p00-1,2026-01-20,train,1,True,11,0.6666666666666666,0.9637546918238423,0.9427492399501511,0.9637546918238423,0.9427492399501511,3.317445335681425,2.8603143606560195,synthetic_chicago_authorized_2026-01-20.csv
26,syn-0-02-p01-0,2026-01-20,train,1,True,11,0.6666666666666666,0.9999990970036178,0.9931877372494867,0.9999990970036178,0.9931877372494867,13.917547289908594,4.98903094521193,synthetic_chicago_authorized_2026-01-20.csv
27,syn-0-02-p01-1,2026-01-20,train,1,True,11,0.6666666666666666,0.9999978777035216,0.9887590425795165,0.9999978777035216,0.9887590425795165,13.063011811027895,4.4881912583858625,synthetic_chicago_authorized_2026-01-20.csv
28,syn-0-02-p02-0,2026-01-20,train,1,True,11,0.6666666666666666,0.9991837955409024,0.9719872011262987,0.9991837955409024,0.9719872011262987,7.11084567176617,3.575093770614326,synthetic_chicago_authorized_2026-01-20.csv
29,syn-0-02-p02-1,2026-01-20,train,1,True,11,0.6666666666666666,0.9994719588091587,0.9441555374317298,0.9994719588091587,0.9441555374317298,7.54633626434385,2.8851849066676674,synthetic_chicago_authorized_2026-01-20.csv
30,syn-0-02-p03-0,2026-01-20,train,1,True,11,0.6666666666666666,0.9998654753423585,0.9652125035712693,0.9998654753423585,0.9652125035712693,8.913763047535227,3.3584972547896905,synthetic_chicago_authorized_2026-01-20.csv
31,syn-0-02-p03-1,2026-01-20,train,1,True,11,0.6666666666666666,0.9999988264371612,0.9909024183149079,0.9999988264371612,0.9909024183149079,13.655466274885892,4.6997466496678015,synthetic_chicago_authorized_2026-01-20.csv
32,syn-0-02-u00,2026-01-20,train,0,True,11,0.6666666666666666,0.007073799212896029,0.012680464062646894,0.007073799212896029,0.012680464062646894,0.0070989371478308565,0.012761547325257201,synthetic_chicago_authorized_2026-01-20.csv
33,syn-0-02-u01,2026-01-20,train,0,True,11,0.6666666666666666,0.021241927450401953,0.07729090478878513,0.021241927450401953,0.07729090478878513,0.021470783895455967,0.08044126727571442,synthetic_chicago_authorized_2026-01-20.csv
34,syn-0-02-u02,2026-01-20,train,0,True,11,0.6666666666666666,0.13880901592309944,0.08705958822699263,0.13880901592309944,0.08705958822699263,0.1494389825703008,0.09108466692126704,synthetic_chicago_authorized_2026-01-20.csv
35,syn-0-02-u03,2026-01-20,train,0,True,11,0.6666666666666666,0.02106122607109965,0.02318476826675691,0.02106122607109965,0.02318476826675691,0.021286177805763855,0.023457762804718407,synthetic_chicago_authorized_2026-01-20.csv
36,syn-0-03-p00-0,2026-01-20,train,1,True,11,0.6666666666666666,0.9999930842568873,0.9995961664459668,0.9999930842568873,0.9995961664459668,11.88171013474803,7.81450775986371,synthetic_chicago_authorized_2026-01-20.csv
37,syn-0-03-p00-1,2026-01-20,train,1,True,11,0.6666666666666666,0.9999700606702018,0.997752074558883,0.9999700606702018,0.997752074558883,10.41633756405048,6.0977475142636415,synthetic_chicago_authorized_2026-01-20.csv
38,syn-0-03-p01-0,2026-01-20,train,1,True,11,0.6666666666666666,0.9994870234990477,0.9988837307851508,0.9994870234990477,0.9988837307851508,7.575280520953292,6.797763212171046,synthetic_chicago_authorized_2026-01-20.csv
39,syn-0-03-p01-1,2026-01-20,train,1,True,11,0.6666666666666666,0.9977573772889059,0.9978817130580246,0.9977573772889059,0.9978817130580246,6.1001092448622005,6.157147563181582,synthetic_chicago_authorized_2026-01-20.csv
40,syn-0-03-p02-0,2026-01-20,train,1,True,11,0.6666666666666666,0.9999692124180963,0.9991912018118134,0.9999692124180963,0.9991912018118134,10.388399134232051,7.1199611303859305,synthetic_chicago_authorized_2026-01-20.csv
41,syn-0-03-p02-1,2026-01-20,train,1,True,11,0.6666666666666666,0.9993879973744042,0.9984449333098799,0.9993879973744042,0.9984449333098799,7.398773985272015,6.466236846733539,synthetic_chicago_authorized_2026-01-20.csv
42,syn-0-03-p03-0,2026-01-20,train,1,True,11,0.6666666666666666,0.9569642320464786,0.9775841699549318,0.9569642320464786,0.9775841699549318,3.1457236961805854,3.7979878712743558,synthetic_chicago_authorized_2026-01-20.csv
43,syn-0-03-p03-1,2026-01-20,train,1,True,11,0.6666666666666666,0.9902752776914846,0.9769356542424138,0.9902752776914846,0.9769356542424138,4.633083944279613,3.7694673275345845,synthetic_chicago_authorized_2026-01-20.csv
44,syn-0-03-u00,2026-01-20,train,0,True,11,0.6666666666666666,0.0017370309286234172,0.012651722608851976,0.0017370309286234172,0.012651722608851976,0.0017385413161602405,0.012732437159382264,synthetic_chicago_authorized_2026-01-20.csv
45,syn-0-03-u01,2026-01-20,train,0,True,11,0.6666666666666666,0.08849678406283513,0.15277340646887785,0.08849678406283513,0.15277340646887785,0.09266015668844217,0.1657870952783367,synthetic_chicago_authorized_2026-01-20.csv
46,syn-0-03-u02,2026-01-20,train,0,True,11,0.6666666666666666,0.7457811010381351,0.2926943164089215,0.7457811010381351,0.2926943164089215,1.3695595761695023,0.3462923393566455,synthetic_chicago_authorized_2026-01-20.csv
47,syn-0-03-u03,2026-01-20,train,0,True,11,0.6666666666666666,0.03222710462019973,0.026700336512965595,0.03222710462019973,0.026700336512965595,0.03275783144226027,0.027063265294088357,synthetic_chicago_authorized_2026-01-20.csv
48,syn-0-04-p00-0,2026-01-20,train,1,True,11,0.6666666666666666,0.999998125706316,0.9993554064797069,0.999998125706316,0.9993554064797069,13.187278671374694,7.346890640924544,synthetic_chicago_authorized_2026-01-20.csv
49,syn-0-04-p00-1,2026-01-20,train,1,True,11,0.6666666666666666,0.9999990683569042,0.9993942630681961,0.9999990683569042,0.9993942630681961,13.886316040057157,7.409064772080473,synthetic_chicago_authorized_2026-01-20.csv
50,syn-0-04-p01-0,2026-01-20,train,1,True,11,0.6666666666666666,0.9993756127404746,0.9821561544914386,0.9993756127404746,0.9821561544914386,7.378739773878624,4.026096619646364,synthetic_chicago_authorized_2026-01-20.csv
51,syn-0-04-p01-1,2026-01-20,train,1,True,11,0.6666666666666666,0.9991920641467574,0.9723797813869793,0.9991920641467574,0.9723797813869793,7.121027892145913,3.5892072160062245,synthetic_chicago_authorized_2026-01-20.csv
52,syn-0-04-p02-0,2026-01-20,train,1,True,11,0.6666666666666666,0.9999999760483682,0.9978131776282364,0.9999999760483682,0.9978131776282364,17.54722938094353,6.125305760630094,synthetic_chicago_authorized_2026-01-20.csv
53,syn-0-04-p02-1,2026-01-20,train,1,True,11,0.6666666666666666,0.9999999949562625,0.9993910199178009,0.9999999949562625,0.9993910199178009,19.105118453969457,7.4037249965378535,synthetic_chicago_authorized_2026-01-20.csv
54,syn-0-04-p03-0,2026-01-20,train,1,True,11,0.6666666666666666,0.9999999874946367,0.9978478221865931,0.9999999874946367,0.9978478221865931,18.197108221290957,6.141275013048205,synthetic_chicago_authorized_2026-01-20.csv
55,syn-0-04-p03-1,2026-01-20,train,1,True,11,0.6666666666666666,0.9999999917687635,0.9984489152103541,0.9999999917687635,0.9984489152103541,18.615329597795842,6.468800728554087,synthetic_chicago_authorized_2026-01-20.csv
56,syn-0-04-u00,2026-01-20,train,0,True,11,0.6666666666666666,0.046490383940599476,0.011779791915897508,0.046490383940599476,0.011779791915897508,0.04760576898003581,0.011849723392705746,synthetic_chicago_authorized_2026-01-20.csv
57,syn-0-04-u01,2026-01-20,train,0,True,11,0.6666666666666666,0.06372596890469391,0.13425339900357838,0.06372596890469391,0.13425339900357838,0.0658470770885945,0.144163021787103,synthetic_chicago_authorized_2026-01-20.csv
58,syn-0-04-u02,2026-01-20,train,0,True,11,0.6666666666666666,0.11621514473790169,0.11643084889548169,0.11621514473790169,0.11643084889548169,0.12354162236567713,0.12378572078384803,synthetic_chicago_authorized_2026-01-20.csv
59,syn-0-04-u03,2026-01-20,train,0,True,11,0.6666666666666666,0.08539029958124952,0.049828895313301876,0.08539029958124952,0.049828895313301876,0.08925786162729595,0.051113200408920326,synthetic_chicago_authorized_2026-01-20.csv
60,syn-0-05-p00-0,2026-01-20,train,1,True,11,0.6666666666666666,0.9997397403782106,0.9925841183509178,0.9997397403782106,0.9925841183509178,8.253830879819683,4.904131409707539,synthetic_chicago_authorized_2026-01-20.csv
61,syn-0-05-p00-1,2026-01-20,train,1,True,11,0.6666666666666666,0.9996867552633343,0.9895351729368043,0.9996867552633343,0.9895351729368043,8.068525766673385,4.559735448476744,synthetic_chicago_authorized_2026-01-20.csv
62,syn-0-05-p01-0,2026-01-20,train,1,True,11,0.6666666666666666,0.999818210767615,0.9969712661678571,0.999818210767615,0.9969712661678571,8.612662605780482,5.79961062397643,synthetic_chicago_authorized_2026-01-20.csv
63,syn-0-05-p01-1,2026-01-20,train,1,True,11,0.6666666666666666,0.9998494702294048,0.9978500275392181,0.9998494702294048,0.9978500275392181,8.801349682073779,6.142300245863279,synthetic_chicago_authorized_2026-01-20.csv
64,syn-0-05-p02-0,2026-01-20,train,1,True,11,0.6666666666666666,0.9244010249072298,0.9358575557356719,0.9244010249072298,0.9358575557356719,2.5823125528624855,2.7466489771749396,synthetic_chicago_authorized_2026-01-20.csv
65,syn-0-05-p02-1,2026-01-20,train,1,True,11,0.6666666666666666,0.9764470489877592,0.9833871198314974,0.9764470489877592,0.9833871198314974,3.7485041579947436,4.097576970719889,synthetic_chicago_authorized_2026-01-20.csv
66,syn-0-05-p03-0,2026-01-20,train,1,True,11,0.6666666666666666,0.6611869711381148,0.9408487374278656,0.6611869711381148,0.9408487374278656,1.082306861034895,2.8276573435254564,synthetic_chicago_authorized_2026-01-20.csv
67,syn-0-05-p03-1,2026-01-20,train,1,True,11,0.6666666666666666,0.9977855479921252,0.986922349110165,0.9977855479921252,0.986922349110165,6.112750306601538,4.33685054466066,synthetic_chicago_authorized_2026-01-20.csv
68,syn-0-05-u00,2026-01-20,train,0,True,11,0.6666666666666666,0.002334828695077655,0.01144324063511917,0.002334828695077655,0.01144324063511917,0.0023375586577532807,0.011509218328581686,synthetic_chicago_authorized_2026-01-20.csv
69,syn-0-05-u01,2026-01-20,train,0,True,11,0.6666666666666666,0.14384119079011587,0.09080828736724716,0.14384119079011587,0.09080828736724716,0.15529939527008627,0.09519930205546152,synthetic_chicago_authorized_2026-01-20.csv
70,syn-0-05-u02,2026-01-20,train,0,True,11,0.6666666666666666,0.13064200876139062,0.1373982024167146,0.13064200876139062,0.1373982024167146,0.14000028085111613,0.14780211085764494,synthetic_chicago_authorized_2026-01-20.csv
71,syn-0-05-u03,2026-01-20,train,0,True,11,0.6666666666666666,0.05237593942742103,0.0324964591684851,0.05237593942742103,0.0324964591684851,0.05379741595550332,0.03303619431072153,synthetic_chicago_authorized_2026-01-20.csv
72,syn-0-06-p00-0,2026-01-20,train,1,True,11,0.6666666666666666,0.9999999925484371,0.9991155730819556,0.9999999925484371,0.9991155730819556,18.714842038277414,7.0305706729398905,synthetic_chicago_authorized_2026-01-20.csv
73,syn-0-06-p00-1,2026-01-20,train,1,True,11,0.6666666666666666,0.9999999966365682,0.9993822192617882,0.9999999966365682,0.9993822192617882,19.510304019338008,7.389376955997902,synthetic_chicago_authorized_2026-01-20.csv
74,syn-0-06-p01-0,2026-01-20,train,1,True,11,0.6666666666666666,0.9999804097529671,0.9907372630965697,0.9999804097529671,0.9907372630965697,10.84047871593435,4.68175571206835,synthetic_chicago_authorized_2026-01-20.csv
75,syn-0-06-p01-1,2026-01-20,train,1,True,11,0.6666666666666666,0.9999985851290532,0.9992412776292074,0.9999985851290532,0.9992412776292074,13.468472234632204,7.183874630365464,synthetic_chicago_authorized_2026-01-20.csv
76,syn-0-06-p02-0,2026-01-20,train,1,True,11,0.6666666666666666,0.9996017163371833,0.9826491623210647,0.9996017163371833,0.9826491623210647,7.828346085899631,4.054114492548122,synthetic_chicago_authorized_2026-01-20.csv
77,syn-0-06-p02-1,2026-01-20,train,1,True,11,0.6666666666666666,0.9995595179330656,0.9862242351408322,0.9995595179330656,0.9862242351408322,7.7276408241219565,4.284844400318182,synthetic_chicago_authorized_2026-01-20.csv
78,syn-0-06-p03-0,2026-01-20,train,1,True,11,0.6666666666666666,0.9999999987926661,0.9994978018863535,0.9999999987926661,0.9994978018863535,20.53485133097565,7.596515867427639,synthetic_chicago_authorized_2026-01-20.csv
79,syn-0-06-p03-1,2026-01-20,train,1,True,11,0.6666666666666666,0.9999999950382822,0.9989211104974373,0.9999999950382822,0.9989211104974373,19.121513821673055,6.831823005213534,synthetic_chicago_authorized_2026-01-20.csv
80,syn-0-06-u00,2026-01-20,train,0,True,11,0.6666666666666666,0.08246624415330392,0.021115431479099486,0.08246624415330392,0.021115431479099486,0.08606590861662293,0.021341550940651356,synthetic_chicago_authorized_2026-01-20.csv
81,syn-0-06-u01,2026-01-20,train,0,True,11,0.6666666666666666,0.12040000250763545,0.1043867806421328,0.12040000250763545,0.1043867806421328,0.12828802315241253,0.11024663402941418,synthetic_chicago_authorized_2026-01-20.csv
82,syn-0-06-u02,2026-01-20,train,0,True,11,0.6666666666666666,0.2495168191515034,0.12278539905442878,0.2495168191515034,0.12278539905442878,0.28703803875468276,0.13100361763213786,synthetic_chicago_authorized_2026-01-20.csv
83,syn-0-06-u03,2026-01-20,train,0,True,11,0.6666666666666666,0.026458395316699624,0.022644248230614557,0.026458395316699624,0.022644248230614557,0.026814717863471314,0.02290456653428974,synthetic_chicago_authorized_2026-01-20.csv
84,syn-0-07-p00-0,2026-01-20,train,1,True,11,0.6666666666666666,0.9999981302092481,0.9997483503011496,0.9999981302092481,0.9997483503011496,13.189684030737302,8.287472521442758,synthetic_chicago_authorized_2026-01-20.csv
85,syn-0-07-p00-1,2026-01-20,train,1,True,11,0.6666666666666666,0.9999980350908071,0.9997524818996353,0.9999980350908071,0.9997524818996353,13.140064525993118,8.304026845842735,synthetic_chicago_authorized_2026-01-20.csv
86,syn-0-07-p01-0,2026-01-20,train,1,True,11,0.6666666666666666,0.999995554416836,0.9982143306538337,0.999995554416836,0.9982143306538337,12.32359950208687,6.327961950192751,synthetic_chicago_authorized_2026-01-20.csv
87,syn-0-07-p01-1,2026-01-20,train,1,True,11,0.6666666666666666,0.9999947084310784,0.9994646589781493,0.9999947084310784,0.9994646589781493,12.149395773536988,7.532606590116567,synthetic_chicago_authorized_2026-01-20.csv
88,syn-0-07-p02-0,2026-01-20,train,1,True,11,0.6666666666666666,0.9937508305119739,0.9902626164068576,0.9937508305119739,0.9902626164068576,5.075306705979235,4.631782822347885,synthetic_chicago_authorized_2026-01-20.csv
89,syn-0-07-p02-1,2026-01-20,train,1,True,11,0.6666666666666666,0.9999981098284692,0.9996416045551408,0.9999981098284692,0.9996416045551408,13.178842975973726,7.933873586600568,synthetic_chicago_authorized_2026-01-20.csv
90,syn-0-07-p03-0,2026-01-20,train,1,True,11,0.6666666666666666,0.9999998786869032,0.9997182805764324,0.9999998786869032,0.9997182805764324,15.924891056511617,8.174598934207166,synthetic_chicago_authorized_2026-01-20.csv
91,syn-0-07-p03-1,2026-01-20,train,1,True,11,0.6666666666666666,0.9999990339239091,0.998868903662014,0.9999990339239091,0.998868903662014,13.850023236765324,6.784567906000936,synthetic_chicago_authorized_2026-01-20.csv
92,syn-0-07-u00,2026-01-20,train,0,True,11,0.6666666666666666,0.10876300655314734,0.02158055218025471,0.10876300655314734,0.02158055218025471,0.11514490096813855,0.0218168176401801,synthetic_chicago_authorized_2026-01-20.csv
93,syn-0-07-u01,2026-01-20,train,0,True,11,0.6666666666666666,0.1562402312426067,0.19103711467243648,0.1562402312426067,0.19103711467243648,0.16988745907587932,0.21200224019783764,synthetic_chicago_authorized_2026-01-20.csv
94,syn-0-07-u02,2026-01-20,train,0,True,11,0.6666666666666666,0.058408871202308366,0.09700966674634656,0.058408871202308366,0.09700966674634656,0.06018414449326875,0.10204343076790788,synthetic_chicago_authorized_2026-01-20.csv
95,syn-0-07-u03,2026-01-20,train,0,True,11,0.6666666666666666,0.014362236532543406,0.014894925214168148,0.014362236532543406,0.014894925214168148,0.014466371730461319,0.01500696858993776,synthetic_chicago_authorized_2026-01-20.csv
96,syn-0-08-p00-0,2026-01-20,train,1,True,11,0.6666666666666666,0.9973419170530348,0.9595176937898087,0.9973419170530348,0.9595176937898087,5.9301501126447835,3.206890284030112,synthetic_chicago_authorized_2026-01-20.csv
97,syn-0-08-p00-1,2026-01-20,train,1,True,11,0.6666666666666666,0.9973419199759325,0.9692771833450473,0.9973419199759325,0.9692771833450473,5.9301512122716415,3.4827496869190124,synthetic_chicago_authorized_2026-01-20.csv
98,syn-0-08-p01-0,2026-01-20,train,1,True,11,0.6666666666666666,0.9987003965672595,0.9948235386857789,0.9987003965672595,0.9948235386857789,6.645696112790467,5.263633600132669,synthetic_chicago_authorized_2026-01-20.csv
99,syn-0-08-p01-1,2026-01-20,train,1,True,11,0.6666666666666666,0.9340545351934852,0.9732838245578815,0.9340545351934852,0.9732838245578815,2.7189271693325145,3.622486075209689,synthetic_chicago_authorized_2026-01-20.csv
100,syn-0-08-p02-0,2026-01-20,train,1,True,11,0.6666666666666666,0.9994093876589281,0.9912211907109274,0.9994093876589281,0.9912211907109274,7.43435069305174,4.735414496810581,synthetic_chicago_authorized_2026-01-20.csv
101,syn-0-08-p02-1,2026-01-20,train,1,True,11,0.6666666666666666,0.9993492721235542,0.9901627455356697,0.9993492721235542,0.9901627455356697,7.3374190116774525,4.6215786247033135,synthetic_chicago_authorized_2026-01-20.csv
102,syn-0-08-p03-0,2026-01-20,train,1,True,11,0.6666666666666666,0.9968277815560652,0.9756901271188605,0.9968277815560652,0.9756901271188605,5.753324111270871,3.7168727197447184,synthetic_chicago_authorized_2026-01-20.csv
103,syn-0-08-p03-1,2026-01-20,train,1,True,11,0.6666666666666666,0.9809633998673435,0.9969059558010663,0.9809633998673435,0.9969059558010663,3.9613918300247657,5.778276241563675,synthetic_chicago_authorized_2026-01-20.csv
104,syn-0-08-u00,2026-01-20,train,0,True,11,0.6666666666666666,0.005886177727867601,0.025792873210998254,0.005886177727867601,0.025792873210998254,0.005903569553154668,0.026131342106785964,synthetic_chicago_authorized_2026-01-20.csv
105,syn-0-08-u01,2026-01-20,train,0,True,11,0.6666666666666666,0.005233965626755718,0.14132845341903996,0.005233965626755718,0.14132845341903996,0.0052477108070249886,0.1523687973121514,synthetic_chicago_authorized_2026-01-20.csv
106,syn-0-08-u02,2026-01-20,train,0,True,11,0.6666666666666666,0.1743068704794753,0.1820719765368145,0.1743068704794753,0.1820719765368145,0.1915320883872141,0.2009809371271156,synthetic_chicago_authorized_2026-01-20.csv
107,syn-0-08-u03,2026-01-20,train,0,True,11,0.6666666666666666,0.021904410466472294,0.021195543175201885,0.021904410466472294,0.021195543175201885,0.022147873914210633,0.021423394068042816,synthetic_chicago_authorized_2026-01-20.csv
108,syn-0-09-p00-0,2026-01-20,train,1,True,11,0.6666666666666666,0.9999808380726758,0.9965783507688453,0.9999808380726758,0.9965783507688453,10.862585199448862,5.677632612811984,synthetic_chicago_authorized_2026-01-20.csv
109,syn-0-09-p00-1,2026-01-20,train,1,True,11,0.6666666666666666,0.9999211504114319,0.9785083904663673,0.9999211504114319,0.9785083904663673,9.447968462475806,3.8400926742671686,synthetic_chicago_authorized_2026-01-20.csv
110,syn-0-09-p01-0,2026-01-20,train,1,True,11,0.6666666666666666,0.9998746277287115,0.996190483396588,0.9998746277287115,0.996190483396588,8.984223076317473,5.57025297363783,synthetic_chicago_authorized_2026-01-20.csv
111,syn-0-09-p01-1,2026-01-20,train,1,True,11,0.6666666666666666,0.9997306697887585,0.9869927282901346,0.9997306697887585,0.9869927282901346,8.21957238010361,4.342246715608036,synthetic_chicago_authorized_2026-01-20.csv
112,syn-0-09-p02-0,2026-01-20,train,1,True,11,0.6666666666666666,0.9956509081440705,0.9954387880266523,0.9956509081440705,0.9954387880266523,5.437788224428624,5.390166907141182,synthetic_chicago_authorized_2026-01-20.csv
113,syn-0-09-p02-1,2026-01-20,train,1,True,11,0.6666666666666666,0.9978709400401019,0.9613961873334557,0.9978709400401019,0.9613961873334557,6.152074730058197,3.254404233644485,synthetic_chicago_authorized_2026-01-20.csv
114,syn-0-09-p03-0,2026-01-20,train,1,True,11,0.6666666666666666,0.9994180158281163,0.9904957119796898,0.9994180158281163,0.9904957119796898,7.449067306678822,4.656012211653719,synthetic_chicago_authorized_2026-01-20.csv
115,syn-0-09-p03-1,2026-01-20,train,1,True,11,0.6666666666666666,0.9994347142924445,0.9919068073874564,0.9994347142924445,0.9919068073874564,7.478179277539901,4.816731988857611,synthetic_chicago_authorized_2026-01-20.csv
116,syn-0-09-u00,2026-01-20,train,0,True,11,0.6666666666666666,0.0014227870777036705,0.010016675077258473,0.0014227870777036705,0.010016675077258473,0.0014238002003237836,0.010067179507737285,synthetic_chicago_authorized_2026-01-20.csv
117,syn-0-09-u01,2026-01-20,train,0,True,11,0.6666666666666666,0.39165697349058054,0.23437374084248402,0.39165697349058054,0.23437374084248402,0.4970163677725127,0.2670611406364992,synthetic_chicago_authorized_2026-01-20.csv
118,syn-0-09-u02,2026-01-20,train,0,True,11,0.6666666666666666,0.11828242376388952,0.05762157801871919,0.11828242376388952,0.05762157801871919,0.1258834826020669,0.059348363225898836,synthetic_chicago_authorized_2026-01-20.csv
119,syn-0-09-u03,2026-01-20,train,0,True,11,0.6666666666666666,0.15112332115009178,0.04160307192770674,0.15112332115009178,0.04160307192770674,0.16384135781500758,0.0424932568928949,synthetic_chicago_authorized_2026-01-20.csv
120,syn-0-10-p00-0,2026-01-20,train,1,True,11,0.6666666666666666,0.6789927929875493,0.9610674167361152,0.6789927929875493,0.9610674167361152,1.1362917043519751,3.245923762924111,synthetic_chicago_authorized_2026-01-20.csv
121,syn-0-10-p00-1,2026-01-20,train,1,True,11,0.6666666666666666,0.6789928257782436,0.9428785649936854,0.6789928257782436,0.9428785649936854,1.1362918065013827,2.8625758386068076,synthetic_chicago_authorized_2026-01-20.csv
122,syn-0-10-p01-0,2026-01-20,train,1,True,11,0.6666666666666666,0.9976873995485099,0.9920090817268692,0.9976873995485099,0.9920090817268692,6.069382651038923,4.829449598006543,synthetic_chicago_authorized_2026-01-20.csv
123,syn-0-10-p01-1,2026-01-20,train,1,True,11,0.6666666666666666,0.9235409127800751,0.9735407136429278,0.9235409127800751,0.9735407136429278,2.5709994887929124,3.632148091291234,synthetic_chicago_authorized_2026-01-20.csv
124,syn-0-10-p02-0,2026-01-20,train,1,True,11,0.6666666666666666,0.9943895783655529,0.9701396696386162,0.9943895783655529,0.9701396696386162,5.183129404616272,3.511224423255678,synthetic_chicago_authorized_2026-01-20.csv
125,syn-0-10-p02-1,2026-01-20,train,1,True,11,0.6666666666666666,0.9688235202611902,0.9587848825361465,0.9688235202611902,0.9587848825361465,3.4680913229832364,3.1889501611942324,synthetic_chicago_authorized_2026-01-20.csv
126,syn-0-10-p03-0,2026-01-20,train,1,True,11,0.6666666666666666,0.999882318570379,0.9976795786841975,0.999882318570379,0.9976795786841975,9.047529333368107,6.066006508152533,synthetic_chicago_authorized_2026-01-20.csv
127,syn-0-10-p03-1,2026-01-20,train,1,True,11,0.6666666666666666,0.9999178694852309,0.998044604816386,0.9999178694852309,0.998044604816386,9.407200932495881,6.237162966016327,synthetic_chicago_authorized_2026-01-20.csv
128,syn-0-10-u00,2026-01-20,train,0,True,11,0.6666666666666666,0.0033274950544238207,0.011546456673737758,0.0033274950544238207,0.011546456673737758,0.003333043477745572,0.011613634616723299,synthetic_chicago_authorized_2026-01-20.csv
129,syn-0-10-u01,2026-01-20,train,0,True,11,0.6666666666666666,0.004168840589290361,0.03324776480747569,0.004168840589290361,0.03324776480747569,0.004177554431397679,0.0338130364285911,synthetic_chicago_authorized_2026-01-20.csv
130,syn-0-10-u02,2026-01-20,train,0,True,11,0.6666666666666666,0.03578787534366243,0.08457724237808566,0.03578787534366243,0.08457724237808566,0.036443962254231174,0.08836929022181303,synthetic_chicago_authorized_2026-01-20.csv
131,syn-0-10-u03,2026-01-20,train,0,True,11,0.6666666666666666,0.02132560236588374,0.020255473524795523,0.02132560236588374,0.020255473524795523,0.02155627845714054,0.020463428572551786,synthetic_chicago_authorized_2026-01-20.csv
132,syn-0-11-p00-1,2026-01-20,train,1,True,11,0.6666666666666666,0.005390510501987082,0.9985483781980888,0.005390510501987082,0.9985483781980888,0.005405091727495802,6.5350738635102825,synthetic_chicago_authorized_2026-01-20.csv
133,syn-0-11-p00-0,2026-01-20,train,1,True,11,0.6666666666666666,0.7121498471898644,0.9949890381276939,0.7121498471898644,0.9949890381276939,1.2453152369932172,5.296127391832913,synthetic_chicago_authorized_2026-01-20.csv
134,syn-0-11-p01-0,2026-01-20,train,1,True,11,0.6666666666666666,0.9976953626652685,0.9983815414157686,0.9976953626652685,0.9983815414157686,6.072831953423811,6.42628107390813,synthetic_chicago_authorized_2026-01-20.csv
135,syn-0-11-p01-1,2026-01-20,train,1,True,11,0.6666666666666666,0.9858280007376177,0.9904638296114431,0.9858280007376177,0.9904638296114431,4.256487144026448,4.652663300891247,synthetic_chicago_authorized_2026-01-20.csv
136,syn-0-11-p02-0,2026-01-20,train,1,True,11,0.6666666666666666,0.9999994164311075,0.999363368018368,0.9999994164311075,0.999363368018368,14.354103324340333,7.35931880618776,synthetic_chicago_authorized_2026-01-20.csv
137,syn-0-11-p02-1,2026-01-20,train,1,True,11,0.6666666666666666,0.999999486374129,0.9993795089193891,0.999999486374129,0.9993795089193891,14.481770713977365,7.384999327942092,synthetic_chicago_authorized_2026-01-20.csv
138,syn-0-11-p03-0,2026-01-20,train,1,True,11,0.6666666666666666,0.9999991315365248,0.9949625197229032,0.9999991315365248,0.9949625197229032,13.956540307082797,5.290849266933517,synthetic_chicago_authorized_2026-01-20.csv
139,syn-0-11-p03-1,2026-01-20,train,1,True,11,0.6666666666666666,0.999999107161668,0.9941460673595939,0.999999107161668,0.9941460673595939,13.92886031158191,5.1406415973713795,synthetic_chicago_authorized_2026-01-20.csv
140,syn-0-11-u00,2026-01-20,train,0,True,11,0.6666666666666666,0.001865079436002066,0.009338237987689346,0.001865079436002066,0.009338237987689346,0.0018668208622557628,0.009382112687257646,synthetic_chicago_authorized_2026-01-20.csv
141,syn-0-11-u01,2026-01-20,train,0,True,11,0.6666666666666666,0.10702882706921885,0.11003570792980437,0.10702882706921885,0.11003570792980437,0.11320097977922633,0.1165739383302743,synthetic_chicago_authorized_2026-01-20.csv
142,syn-0-11-u02,2026-01-20,train,0,True,11,0.6666666666666666,0.06197894991236948,0.07938850297499525,0.06197894991236948,0.07938850297499525,0.06398288876968986,0.08271715905542186,synthetic_chicago_authorized_2026-01-20.csv
143,syn-0-11-u03,2026-01-20,train,0,True,11,0.6666666666666666,0.021994626973879543,0.024111890207030914,0.021994626973879543,0.024111890207030914,0.022240115070672375,0.024407340746460168,synthetic_chicago_authorized_2026-01-20.csv
144,syn-0-12-p00-0,2026-01-20,train,1,True,11,0.6666666666666666,0.9960896712053743,0.9388215947224025,0.9960896712053743,0.9388215947224025,5.544133817823173,2.793961006673027,synthetic_chicago_authorized_2026-01-20.csv
145,syn-0-12-p00-1,2026-01-20,train,1,True,11,0.6666666666666666,0.9965371385913173,0.941808548521221,0.9965371385913173,0.941808548521221,5.665660034956774,2.844016816840854,synthetic_chicago_authorized_2026-01-20.csv
146,syn-0-12-p01-0,2026-01-20,train,1,True,11,0.6666666666666666,0.9994380845123582,0.9754349724963702,0.9994380845123582,0.9754349724963702,7.484159097239905,3.706431493735459,synthetic_chicago_authorized_2026-01-20.csv
147,syn-0-12-p01-1,2026-01-20,train,1,True,11,0.6666666666666666,0.9994509482518668,0.9742646406889188,0.9994509482518668,0.9742646406889188,7.50731786200194,3.6598893840133093,synthetic_chicago_authorized_2026-01-20.csv
148,syn-0-12-p02-0,2026-01-20,train,1,True,11,0.6666666666666666,0.9991352584260756,0.9626598674428998,0.9991352584260756,0.9626598674428998,7.053079854138549,3.287686590872178,synthetic_chicago_authorized_2026-01-20.csv
149,syn-0-12-p02-1,2026-01-20,train,1,True,11,0.6666666666666666,0.9986382470086247,0.9426812265198408,0.9986382470086247,0.9426812265198408,6.598982444988854,2.859127074015247,synthetic_chicago_authorized_2026-01-20.csv
150,syn-0-12-p03-0,2026-01-20,train,1,True,11,0.6666666666666666,0.9990221151354828,0.9384358412837103,0.9990221151354828,0.9384358412837103,6.9301186203021485,2.7876754167979434,synthetic_chicago_authorized_2026-01-20.csv
151,syn-0-12-p03-1,2026-01-20,train,1,True,11,0.6666666666666666,0.9989472133030501,0.9411035994292015,0.9989472133030501,0.9411035994292015,6.856314633348898,2.8319753010442574,synthetic_chicago_authorized_2026-01-20.csv
152,syn-0-12-u00,2026-01-20,train,0,True,11,0.6666666666666666,0.11225322316055844,0.026289905990522555,0.11225322316055844,0.026289905990522555,0.11906873787300301,0.026641664398723366,synthetic_chicago_authorized_2026-01-20.csv
153,syn-0-12-u01,2026-01-20,train,0,True,11,0.6666666666666666,0.11141903384632386,0.21444141789737856,0.11141903384632386,0.21444141789737856,0.11812950874836815,0.24136024468783407,synthetic_chicago_authorized_2026-01-20.csv
154,syn-0-12-u02,2026-01-20,train,0,True,11,0.6666666666666666,0.04960593767882649,0.0682002948795494,0.04960593767882649,0.0682002948795494,0.050878577950960444,0.07063739606176742,synthetic_chicago_authorized_2026-01-20.csv
155,syn-0-12-u03,2026-01-20,train,0,True,11,0.6666666666666666,0.023398510976413902,0.027869647736088226,0.023398510976413902,0.027869647736088226,0.023676602654135903,0.028265376245874736,synthetic_chicago_authorized_2026-01-20.csv
156,syn-0-13-p00-1,2026-01-20,train,1,True,11,0.6666666666666666,0.036545088953391376,0.9723428927158884,0.036545088953391376,0.9723428927158884,0.03722958926828597,3.5878725394107716,synthetic_chicago_authorized_2026-01-20.csv
157,syn-0-13-p01-0,2026-01-20,train,1,True,11,0.6666666666666666,0.06901385376951397,0.991851027735344,0.06901385376951397,0.991851027735344,0.07151088234157985,4.809863462177149,synthetic_chicago_authorized_2026-01-20.csv
158,syn-0-13-u00,2026-01-20,train,0,True,11,0.6666666666666666,0.018203319282169624,0.025644023842026818,0.018203319282169624,0.025644023842026818,0.018371038176865494,0.025978563509022466,synthetic_chicago_authorized_2026-01-20.csv
159,syn-0-13-u01,2026-01-20,train,0,True,11,0.6666666666666666,0.059868185052111764,0.11628103489579433,0.059868185052111764,0.11628103489579433,0.06173518488124186,0.12361617966752161,synthetic_chicago_authorized_2026-01-20.csv
160,syn-0-13-p00-0,2026-01-20,train,1,True,11,0.6666666666666666,0.8165513105431046,0.98210216398682,0.8165513105431046,0.98210216398682,1.6958202720771982,4.0230754665620285,synthetic_chicago_authorized_2026-01-20.csv
161,syn-0-13-p01-1,2026-01-20,train,1,True,11,0.6666666666666666,0.8544782589437793,0.990135885000557,0.8544782589437793,0.990135885000557,1.9274297804662954,4.618851854688163,synthetic_chicago_authorized_2026-01-20.csv
162,syn-0-13-p02-0,2026-01-20,train,1,True,11,0.6666666666666666,0.997750255617268,0.9739320661130488,0.997750255617268,0.9739320661130488,6.09693867689435,3.647049306691712,synthetic_chicago_authorized_2026-01-20.csv
163,syn-0-13-p02-1,2026-01-20,train,1,True,11,0.6666666666666666,0.9981781341600988,0.9863575789951355,0.9981781341600988,0.9863575789951355,6.307894116279583,4.294571149291594,synthetic_chicago_authorized_2026-01-20.csv
164,syn-0-13-p03-0,2026-01-20,train,1,True,11,0.6666666666666666,0.9580520347763535,0.942664115982508,0.9580520347763535,0.942664115982508,3.1713253520451614,2.8588286031491994,synthetic_chicago_authorized_2026-01-20.csv
165,syn-0-13-p03-1,2026-01-20,train,1,True,11,0.6666666666666666,0.9669242473123879,0.9787343471257431,0.9669242473123879,0.9787343471257431,3.408954812244978,3.850662048925267,synthetic_chicago_authorized_2026-01-20.csv
166,syn-0-13-u02,2026-01-20,train,0,True,11,0.6666666666666666,0.3095154043303196,0.2446951175050273,0.3095154043303196,0.2446951175050273,0.37036161533213763,0.28063379337147065,synthetic_chicago_authorized_2026-01-20.csv
167,syn-0-13-u03,2026-01-20,train,0,True,11,0.6666666666666666,0.010794312852925998,0.02964022451856828,0.010794312852925998,0.02964022451856828,0.010852994112549101,0.03008837369388188,synthetic_chicago_authorized_2026-01-20.csv
168,syn-0-14-p00-0,2026-01-20,train,1,True,11,0.6666666666666666,0.9995428263762309,0.9776568297025666,0.9995428263762309,0.9776568297025666,7.690447318501623,3.8012345841546797,synthetic_chicago_authorized_2026-01-20.csv
169,syn-0-14-p00-1,2026-01-20,train,1,True,11,0.6666666666666666,0.9995446110037957,0.9655588401438662,0.9995446110037957,0.9655588401438662,7.6943585675507835,3.3685029224015937,synthetic_chicago_authorized_2026-01-20.csv
170,syn-0-14-p01-0,2026-01-20,train,1,True,11,0.6666666666666666,0.9996999802989165,0.9885498123782275,0.9996999802989165,0.9885498123782275,8.111662415186087,4.469749162935136,synthetic_chicago_authorized_2026-01-20.csv
171,syn-0-14-p01-1,2026-01-20,train,1,True,11,0.6666666666666666,0.9990243751656636,0.9856706961508412,0.9990243751656636,0.9856706961508412,6.932432436497058,4.245448618283111,synthetic_chicago_authorized_2026-01-20.csv
172,syn-0-14-p02-0,2026-01-20,train,1,True,11,0.6666666666666666,0.9994840887819948,0.9732175273312663,0.9994840887819948,0.9732175273312663,7.569575865415797,3.620007610317816,synthetic_chicago_authorized_2026-01-20.csv
173,syn-0-14-p02-1,2026-01-20,train,1,True,11,0.6666666666666666,0.9995473238781297,0.9781379904230318,0.9995473238781297,0.9781379904230318,7.700333650947713,3.8230048710459963,synthetic_chicago_authorized_2026-01-20.csv
174,syn-0-14-p03-0,2026-01-20,train,1,True,11,0.6666666666666666,0.999103002209716,0.9727036484556816,0.999103002209716,0.9727036484556816,7.016457159360046,3.6010022287875145,synthetic_chicago_authorized_2026-01-20.csv
175,syn-0-14-p03-1,2026-01-20,train,1,True,11,0.6666666666666666,0.9886956686926643,0.9829258677831451,0.9886956686926643,0.9829258677831451,4.482569325170975,4.070190696670057,synthetic_chicago_authorized_2026-01-20.csv
176,syn-0-14-u00,2026-01-20,train,0,True,11,0.6666666666666666,0.06836845938388644,0.01828412709716335,0.06836845938388644,0.01828412709716335,0.07081788515164213,0.01845334762264962,synthetic_chicago_authorized_2026-01-20.csv
177,syn-0-14-u01,2026-01-20,train,0,True,11,0.6666666666666666,0.5638669955414853,0.2513072110179828,0.5638669955414853,0.2513072110179828,0.8298080260557428,0.28942654117692407,synthetic_chicago_authorized_2026-01-20.csv
178,syn-0-14-u02,2026-01-20,train,0,True,11,0.6666666666666666,0.07982690399558547,0.085215553494889,0.07982690399558547,0.085215553494889,0.08319347880574902,0.08906681904941753,synthetic_chicago_authorized_2026-01-20.csv
179,syn-0-14-u03,2026-01-20,train,0,True,11,0.6666666666666666,0.022395332445505615,0.02454680129105058,0.022395332445505615,0.02454680129105058,0.02264991607283421,0.02485309679059875,synthetic_chicago_authorized_2026-01-20.csv
180,syn-0-15-p00-0,2026-01-20,train,1,True,11,0.6666666666666666,0.9999999976565481,0.9988672261765347,0.9999999976565481,0.9988672261765347,19.871640849546246,6.783085943108415,synthetic_chicago_authorized_2026-01-20.csv
181,syn-0-15-p00-1,2026-01-20,train,1,True,11,0.6666666666666666,0.9999999997518317,0.999680772769251,0.9999999997518317,0.999680772769251,22.11691410632303,8.049607386663354,synthetic_chicago_authorized_2026-01-20.csv
182,syn-0-15-p01-0,2026-01-20,train,1,True,11,0.6666666666666666,0.9999886377245196,0.9943560785861262,0.9999886377245196,0.9943560785861262,11.385211858355222,5.177176168923764,synthetic_chicago_authorized_2026-01-20.csv
183,syn-0-15-p01-1,2026-01-20,train,1,True,11,0.6666666666666666,0.9999869175100705,0.9940664201075441,0.9999869175100705,0.9940664201075441,11.244235868466568,5.127127556307293,synthetic_chicago_authorized_2026-01-20.csv
184,syn-0-15-p02-0,2026-01-20,train,1,True,11,0.6666666666666666,0.9999999978745953,0.9982615822375577,0.9999999978745953,0.9982615822375577,19.969303571230203,6.354779911378485,synthetic_chicago_authorized_2026-01-20.csv
185,syn-0-15-p02-1,2026-01-20,train,1,True,11,0.6666666666666666,0.9999999949571279,0.9982611320781285,0.9999999949571279,0.9982611320781285,19.105290054840005,6.354520997114562,synthetic_chicago_authorized_2026-01-20.csv
186,syn-0-15-p03-0,2026-01-20,train,1,True,11,0.6666666666666666,0.9999980290895394,0.9976852293896754,0.9999980290895394,0.9976852293896754,13.13701495922287,6.068444684766241,synthetic_chicago_authorized_2026-01-20.csv
187,syn-0-15-p03-1,2026-01-20,train,1,True,11,0.6666666666666666,0.9999999988930991,0.9989364223099317,0.9999999988930991,0.9989364223099317,20.621701673172602,6.846116874681991,synthetic_chicago_authorized_2026-01-20.csv
188,syn-0-15-u00,2026-01-20,train,0,True,11,0.6666666666666666,0.021352858687193214,0.016637577463267838,0.021352858687193214,0.016637577463267838,0.021584129089516353,0.016777536513182516,synthetic_chicago_authorized_2026-01-20.csv
189,syn-0-15-u01,2026-01-20,train,0,True,11,0.6666666666666666,0.06593210805963946,0.08480022047025403,0.06593210805963946,0.08480022047025403,0.0682061539514032,0.08861289925507451,synthetic_chicago_authorized_2026-01-20.csv
190,syn-0-15-u02,2026-01-20,train,0,True,11,0.6666666666666666,0.11654612545590265,0.0931238017680763,0.11654612545590265,0.0931238017680763,0.12391619623200148,0.097749334068832,synthetic_chicago_authorized_2026-01-20.csv
191,syn-0-15-u03,2026-01-20,train,0,True,11,0.6666666666666666,0.06152163358997492,0.038749616977474685,0.06152163358997492,0.038749616977474685,0.06349547446257334,0.03952035969939749,synthetic_chicago_authorized_2026-01-20.csv
192,syn-0-16-p00-0,2026-01-20,train,1,True,11,0.6666666666666666,0.9997056277836985,0.988816058626553,0.9997056277836985,0.988816058626553,8.1306655495392,4.493276335506651,synthetic_chicago_authorized_2026-01-20.csv
193,syn-0-16-p00-1,2026-01-20,train,1,True,11,0.6666666666666666,0.9898508706701603,0.9512330465338128,0.9898508706701603,0.9512330465338128,4.590367357485045,3.020702378584991,synthetic_chicago_authorized_2026-01-20.csv
194,syn-0-16-p01-0,2026-01-20,train,1,True,11,0.6666666666666666,0.9953679847958385,0.9552540987911888,0.9953679847958385,0.9552540987911888,5.374763256298549,3.106755431555368,synthetic_chicago_authorized_2026-01-20.csv
195,syn-0-16-p01-1,2026-01-20,train,1,True,11,0.6666666666666666,0.9856255725024835,0.9868143144386586,0.9856255725024835,0.9868143144386586,4.242304519351534,4.3286234649775,synthetic_chicago_authorized_2026-01-20.csv
196,syn-0-16-p02-0,2026-01-20,train,1,True,11,0.6666666666666666,0.9978444175414385,0.9909272710805058,0.9978444175414385,0.9909272710805058,6.139694309551011,4.702482186955737,synthetic_chicago_authorized_2026-01-20.csv
197,syn-0-16-p02-1,2026-01-20,train,1,True,11,0.6666666666666666,0.9996192424083507,0.982360625410547,0.9996192424083507,0.982360625410547,7.87334762771567,4.0376216831446445,synthetic_chicago_authorized_2026-01-20.csv
198,syn-0-16-p03-0,2026-01-20,train,1,True,11,0.6666666666666666,0.9999404826973314,0.9943483432916694,0.9999404826973314,0.9943483432916694,9.729243486533836,5.175806554091794,synthetic_chicago_authorized_2026-01-20.csv
199,syn-0-16-p03-1,2026-01-20,train,1,True,11,0.6666666666666666,0.9999285725595279,0.9899987174882897,0.9999285725595279,0.9899987174882897,9.546828442114387,4.605041943040538,synthetic_chicago_authorized_2026-01-20.csv
200,syn-0-16-u00,2026-01-20,train,0,True,11,0.6666666666666666,0.004021453776537524,0.01202008507822477,0.004021453776537524,0.01202008507822477,0.004029561565809232,0.012092910467449987,synthetic_chicago_authorized_2026-01-20.csv
201,syn-0-16-u01,2026-01-20,train,0,True,11,0.6666666666666666,0.28744339747798625,0.1803232766442071,0.28744339747798625,0.1803232766442071,0.3388959278585312,0.19884525626679178,synthetic_chicago_authorized_2026-01-20.csv
202,syn-0-16-u02,2026-01-20,train,0,True,11,0.6666666666666666,0.3295113237302228,0.22501724413259103,0.3295113237302228,0.22501724413259103,0.39974846488955257,0.2549145003700018,synthetic_chicago_authorized_2026-01-20.csv
203,syn-0-16-u03,2026-01-20,train,0,True,11,0.6666666666666666,0.06988384484039482,0.03976883483662352,0.06988384484039482,0.03976883483662352,0.07244580261286304,0.04058122646202656,synthetic_chicago_authorized_2026-01-20.csv
204,syn-0-17-p00-0,2026-01-20,train,1,True,11,0.6666666666666666,0.8475106993531105,0.8783918003621427,0.8475106993531105,0.8783918003621427,1.8806608450885054,2.106950880491075,synthetic_chicago_authorized_2026-01-20.csv
205,syn-0-17-p00-1,2026-01-20,train,1,True,11,0.6666666666666666,0.9870613288554333,0.886878641201528,0.9870613288554333,0.886878641201528,4.347534688801998,2.1792940648968955,synthetic_chicago_authorized_2026-01-20.csv
206,syn-0-17-p01-0,2026-01-20,train,1,True,11,0.6666666666666666,0.9981504424476783,0.927831411336956,0.9981504424476783,0.927831411336956,6.292808829402589,2.6287503878180893,synthetic_chicago_authorized_2026-01-20.csv
207,syn-0-17-p01-1,2026-01-20,train,1,True,11,0.6666666666666666,0.9981572521753522,0.9339998510803708,0.9981572521753522,0.9339998510803708,6.296497438387917,2.7180982806002376,synthetic_chicago_authorized_2026-01-20.csv
208,syn-0-17-p02-0,2026-01-20,train,1,True,11,0.6666666666666666,0.9999632399766273,0.9843037328274643,0.9999632399766273,0.9843037328274643,10.211099624657997,4.154332354608296,synthetic_chicago_authorized_2026-01-20.csv
209,syn-0-17-p02-1,2026-01-20,train,1,True,11,0.6666666666666666,0.9999705178609941,0.9838544084860884,0.9999705178609941,0.9838544084860884,10.431725935409197,4.126108237851738,synthetic_chicago_authorized_2026-01-20.csv
210,syn-0-17-p03-0,2026-01-20,train,1,True,11,0.6666666666666666,0.999327004434142,0.9633220954407843,0.999327004434142,0.9633220954407843,7.303771816962333,3.3055807608370653,synthetic_chicago_authorized_2026-01-20.csv
211,syn-0-17-p03-1,2026-01-20,train,1,True,11,0.6666666666666666,0.9092636425150339,0.9533524185560884,0.9092636425150339,0.9533524185560884,2.3997971478821505,3.0651341977506346,synthetic_chicago_authorized_2026-01-20.csv
212,syn-0-17-u00,2026-01-20,train,0,True,11,0.6666666666666666,0.00330069635966953,0.013929059118456669,0.00330069635966953,0.013929059118456669,0.0033061556742354824,0.01402697881192259,synthetic_chicago_authorized_2026-01-20.csv
213,syn-0-17-u01,2026-01-20,train,0,True,11,0.6666666666666666,0.39863952233470185,0.20640429371142602,0.39863952233470185,0.20640429371142602,0.5085607278048412,0.23118113344877425,synthetic_chicago_authorized_2026-01-20.csv
214,syn-0-17-u02,2026-01-20,train,0,True,11,0.6666666666666666,0.15165174416677815,0.09327782732518905,0.15165174416677815,0.09327782732518905,0.1644640484471829,0.09791919037213917,synthetic_chicago_authorized_2026-01-20.csv
215,syn-0-17-u03,2026-01-20,train,0,True,11,0.6666666666666666,0.0788897705394705,0.04298971412606241,0.0788897705394705,0.04298971412606241,0.08217556534933326,0.04394113954730035,synthetic_chicago_authorized_2026-01-20.csv
216,syn-0-18-p02-0,2026-01-20,train,1,True,11,0.6666666666666666,0.0854045287397022,0.9651277623142399,0.0854045287397022,0.9651277623142399,0.08927341937737587,3.3560642481206595,synthetic_chicago_authorized_2026-01-20.csv
217,syn-0-18-u00,2026-01-20,train,0,True,11,0.6666666666666666,0.08409095517464017,0.016726510272166317,0.08409095517464017,0.016726510272166317,0.08783821528036874,0.016867978072196553,synthetic_chicago_authorized_2026-01-20.csv
218,syn-0-18-u01,2026-01-20,train,0,True,11,0.6666666666666666,0.13088628163287583,0.1319061275609787,0.13088628163287583,0.1319061275609787,0.1402813010963615,0.14145542219813442,synthetic_chicago_authorized_2026-01-20.csv
219,syn-0-18-u02,2026-01-20,train,0,True,11,0.6666666666666666,0.10069971292134504,0.17812450388634832,0.10069971292134504,0.17812450388634832,0.10613827683714916,0.19616635997980758,synthetic_chicago_authorized_2026-01-20.csv
220,syn-0-18-u03,2026-01-20,train,0,True,11,0.6666666666666666,0.09379245085264676,0.04032002331886141,0.09379245085264676,0.04032002331886141,0.0984869162305502,0.04115540772007324,synthetic_chicago_authorized_2026-01-20.csv
221,syn-0-18-p00-0,2026-01-20,train,1,True,11,0.6666666666666666,0.9219634845274062,0.9410598278583572,0.9219634845274062,0.9410598278583572,2.550578414754667,2.831232381051763,synthetic_chicago_authorized_2026-01-20.csv
222,syn-0-18-p00-1,2026-01-20,train,1,True,11,0.6666666666666666,0.9997900029631611,0.9915068108703267,0.9997900029631611,0.9915068108703267,8.468417137637351,4.7684907155433285,synthetic_chicago_authorized_2026-01-20.csv
223,syn-0-18-p01-0,2026-01-20,train,1,True,11,0.6666666666666666,0.9999551831413571,0.9960024062938924,0.9999551831413571,0.9960024062938924,10.012926180336962,5.522062672353266,synthetic_chicago_authorized_2026-01-20.csv
224,syn-0-18-p01-1,2026-01-20,train,1,True,11,0.6666666666666666,0.9999884961879119,0.9986043266102934,0.9999884961879119,0.9986043266102934,11.372832091600019,6.574378263543432,synthetic_chicago_authorized_2026-01-20.csv
225,syn-0-18-p02-1,2026-01-20,train,1,True,11,0.6666666666666666,0.8069134262618272,0.9601801869843751,0.8069134262618272,0.9601801869843751,1.6446166220624974,3.2233906760973214,synthetic_chicago_authorized_2026-01-20.csv
226,syn-0-18-p03-0,2026-01-20,train,1,True,11,0.6666666666666666,0.9996819514706519,0.9974796935061077,0.9996819514706519,0.9974796935061077,8.053306578814636,5.983374760294,synthetic_chicago_authorized_2026-01-20.csv
227,syn-0-18-p03-1,2026-01-20,train,1,True,11,0.6666666666666666,0.9983025538737768,0.9738593122717412,0.9983025538737768,0.9738593122717412,6.378630436164207,3.6442622617113813,synthetic_chicago_authorized_2026-01-20.csv
228,syn-0-19-p00-0,2026-01-20,train,1,True,11,0.6666666666666666,0.8661207583799194,0.9630584076051532,0.8661207583799194,0.9630584076051532,2.0108170672794907,3.2984171975373653,synthetic_chicago_authorized_2026-01-20.csv
229,syn-0-19-p00-1,2026-01-20,train,1,True,11,0.6666666666666666,0.9704288531043044,0.9680063652545167,0.9704288531043044,0.9680063652545167,3.520956160083779,3.442218310172111,synthetic_chicago_authorized_2026-01-20.csv
230,syn-0-19-p01-0,2026-01-20,train,1,True,11,0.6666666666666666,0.9982552845774758,0.9941524420457999,0.9982552845774758,0.9941524420457999,6.35116381827503,5.141731148618739,synthetic_chicago_authorized_2026-01-20.csv
231,syn-0-19-p01-1,2026-01-20,train,1,True,11,0.6666666666666666,0.9985078850972973,0.9940211541854262,0.9985078850972973,0.9940211541854262,6.5075607676305065,5.119527737244315,synthetic_chicago_authorized_2026-01-20.csv
232,syn-0-19-p02-0,2026-01-20,train,1,True,11,0.6666666666666666,0.8997125419863108,0.9713395506871496,0.8997125419863108,0.9713395506871496,2.299714636561912,3.5522371793550196,synthetic_chicago_authorized_2026-01-20.csv
233,syn-0-19-p02-1,2026-01-20,train,1,True,11,0.6666666666666666,0.9970834994411933,0.9783903350806619,0.9970834994411933,0.9783903350806619,5.8373708201687915,3.8346146143985433,synthetic_chicago_authorized_2026-01-20.csv
234,syn-0-19-p03-0,2026-01-20,train,1,True,11,0.6666666666666666,0.9986901914837276,0.9870606225373286,0.9986901914837276,0.9870606225373286,6.637874323237504,4.347480100597491,synthetic_chicago_authorized_2026-01-20.csv
235,syn-0-19-p03-1,2026-01-20,train,1,True,11,0.6666666666666666,0.9144543124243475,0.9911073787176216,0.9144543124243475,0.9911073787176216,2.4587046881476398,4.722533415507824,synthetic_chicago_authorized_2026-01-20.csv
236,syn-0-19-u00,2026-01-20,train,0,True,11,0.6666666666666666,0.0006498447341379296,0.005579253908942304,0.0006498447341379296,0.005579253908942304,0.0006500559747478627,0.005594876079834558,synthetic_chicago_authorized_2026-01-20.csv
237,syn-0-19-u01,2026-01-20,train,0,True,11,0.6666666666666666,0.23555478875208807,0.2761375176579683,0.23555478875208807,0.2761375176579683,0.2686049223055389,0.32315384615412585,synthetic_chicago_authorized_2026-01-20.csv
238,syn-0-19-u02,2026-01-20,train,0,True,11,0.6666666666666666,0.12919937651170174,0.13565544831154852,0.12919937651170174,0.13565544831154852,0.13834223362717066,0.14578380299590615,synthetic_chicago_authorized_2026-01-20.csv
239,syn-0-19-u03,2026-01-20,train,0,True,11,0.6666666666666666,0.0607631014813414,0.04962729328026373,0.0607631014813414,0.04962729328026373,0.06268754350087508,0.050901048463162124,synthetic_chicago_authorized_2026-01-20.csv
240,syn-1-00-p00-0,2026-01-27,test,1,True,11,0.6666666666666666,0.9995836401165443,0.9862696456506409,0.9995836401165443,0.9862696456506409,7.78396056722934,4.288146251133313,synthetic_chicago_authorized_2026-01-27.csv
241,syn-1-00-p00-1,2026-01-27,test,1,True,11,0.6666666666666666,0.9998316865850759,0.9957118689060965,0.9998316865850759,0.9957118689060965,8.689682751542213,5.451904283408701,synthetic_chicago_authorized_2026-01-27.csv
242,syn-1-00-p01-0,2026-01-27,test,1,True,11,0.6666666666666666,0.9999780516484859,0.9985470604985139,0.9999780516484859,0.9985470604985139,10.726818523122466,6.534166532228442,synthetic_chicago_authorized_2026-01-27.csv
243,syn-1-00-p01-1,2026-01-27,test,1,True,11,0.6666666666666666,0.9999471125607913,0.9926020283827297,0.9999471125607913,0.9926020283827297,9.847344691363372,4.906549422120144,synthetic_chicago_authorized_2026-01-27.csv
244,syn-1-00-p02-0,2026-01-27,test,1,True,11,0.6666666666666666,0.9927910950849727,0.8585364280449754,0.9927910950849727,0.8585364280449754,4.932438223405678,1.9557130370566895,synthetic_chicago_authorized_2026-01-27.csv
245,syn-1-00-u00,2026-01-27,test,0,True,11,0.6666666666666666,0.09981251091879237,0.01649199218763766,0.09981251091879237,0.01649199218763766,0.10515221615233288,0.016629499028201652,synthetic_chicago_authorized_2026-01-27.csv
246,syn-1-00-u01,2026-01-27,test,0,True,11,0.6666666666666666,0.3740715884976792,0.28107921703970823,0.3740715884976792,0.28107921703970823,0.4685192730439751,0.3300041040204289,synthetic_chicago_authorized_2026-01-27.csv
247,syn-1-00-u02,2026-01-27,test,0,True,11,0.6666666666666666,0.6792577138217154,0.2583299285698279,0.6792577138217154,0.2583299285698279,1.1371173251028308,0.2988507823680765,synthetic_chicago_authorized_2026-01-27.csv
248,syn-1-00-u03,2026-01-27,test,0,True,11,0.6666666666666666,0.05905834228101866,0.029445375180335607,0.05905834228101866,0.029445375180335607,0.0608741416174937,0.029887592722957015,synthetic_chicago_authorized_2026-01-27.csv
249,syn-1-00-p02-1,2026-01-27,test,1,True,11,0.6666666666666666,0.047873339077820855,0.9191754917008861,0.047873339077820855,0.9191754917008861,0.04905720585360081,2.5154750389138725,synthetic_chicago_authorized_2026-01-27.csv
250,syn-1-00-p03-0,2026-01-27,test,1,True,11,0.6666666666666666,0.998388468208051,0.9955512417163648,0.998388468208051,0.9955512417163648,6.430570128731499,5.4151302591274995,synthetic_chicago_authorized_2026-01-27.csv
251,syn-1-00-p03-1,2026-01-27,test,1,True,11,0.6666666666666666,0.9983762986839461,0.9964484557162903,0.9983762986839461,0.9964484557162903,6.423046972843781,5.640372760588325,synthetic_chicago_authorized_2026-01-27.csv
252,syn-1-01-p00-0,2026-01-27,test,1,True,11,0.6666666666666666,0.9999999991472033,0.9980667984055316,0.9999999991472033,0.9980667984055316,20.88249987324312,6.248577793211752,synthetic_chicago_authorized_2026-01-27.csv
253,syn-1-01-p00-1,2026-01-27,test,1,True,11,0.6666666666666666,0.9999999998874688,0.9990573479843896,0.9999999998874688,0.9990573479843896,22.90779083032296,6.966813361875655,synthetic_chicago_authorized_2026-01-27.csv
254,syn-1-01-p01-0,2026-01-27,test,1,True,11,0.6666666666666666,0.9999944203847393,0.9985178603990347,0.9999944203847393,0.9985178603990347,12.096390733648292,6.514268558862176,synthetic_chicago_authorized_2026-01-27.csv
255,syn-1-01-p01-1,2026-01-27,test,1,True,11,0.6666666666666666,0.9999931757505154,0.9983064024847275,0.9999931757505154,0.9983064024847275,11.895028188556116,6.3809003052724105,synthetic_chicago_authorized_2026-01-27.csv
256,syn-1-01-p02-0,2026-01-27,test,1,True,11,0.6666666666666666,0.9999999968021861,0.9957706884842985,0.9999999968021861,0.9957706884842985,19.56079842116643,5.46571606141668,synthetic_chicago_authorized_2026-01-27.csv
257,syn-1-01-p02-1,2026-01-27,test,1,True,11,0.6666666666666666,0.9999999793291242,0.988951830431458,0.9999999793291242,0.988951830431458,17.69454009474504,4.505490514645529,synthetic_chicago_authorized_2026-01-27.csv
258,syn-1-01-p03-0,2026-01-27,test,1,True,11,0.6666666666666666,0.9999999528856471,0.9863653050356584,0.9999999528856471,0.9863653050356584,16.87068815141449,4.295137634453603,synthetic_chicago_authorized_2026-01-27.csv
259,syn-1-01-p03-1,2026-01-27,test,1,True,11,0.6666666666666666,0.9999998954017822,0.9836724988891674,0.9999998954017822,0.9836724988891674,16.07313932454819,4.11490440815301,synthetic_chicago_authorized_2026-01-27.csv
260,syn-1-01-u00,2026-01-27,test,0,True,11,0.6666666666666666,0.12942264193461595,0.02823575430655791,0.12942264193461595,0.02823575430655791,0.13859865747828468,0.028642049523513423,synthetic_chicago_authorized_2026-01-27.csv
261,syn-1-01-u01,2026-01-27,test,0,True,11,0.6666666666666666,0.21286214445065216,0.12643117212314844,0.21286214445065216,0.12643117212314844,0.23935188002221394,0.13516835700352642,synthetic_chicago_authorized_2026-01-27.csv
262,syn-1-01-u02,2026-01-27,test,0,True,11,0.6666666666666666,0.19699591439231437,0.07048867654578163,0.19699591439231437,0.07048867654578163,0.2193954771184488,0.07309628958799065,synthetic_chicago_authorized_2026-01-27.csv
263,syn-1-01-u03,2026-01-27,test,0,True,11,0.6666666666666666,0.00849963899396158,0.02225413311591746,0.00849963899396158,0.02225413311591746,0.008535966921456632,0.02250549252590826,synthetic_chicago_authorized_2026-01-27.csv
264,syn-1-02-p00-0,2026-01-27,test,1,True,11,0.6666666666666666,0.9152778360573739,0.9695294783603997,0.9152778360573739,0.9695294783603997,2.4683780357273415,3.4909955663542216,synthetic_chicago_authorized_2026-01-27.csv
265,syn-1-02-p00-1,2026-01-27,test,1,True,11,0.6666666666666666,0.9299514868888037,0.9456389345186107,0.9299514868888037,0.9456389345186107,2.6585672325315177,2.9121070894242225,synthetic_chicago_authorized_2026-01-27.csv
266,syn-1-02-p01-0,2026-01-27,test,1,True,11,0.6666666666666666,0.9588630720513046,0.9631966200435038,0.9588630720513046,0.9631966200435038,3.190849070644786,3.302165591380978,synthetic_chicago_authorized_2026-01-27.csv
267,syn-1-02-p01-1,2026-01-27,test,1,True,11,0.6666666666666666,0.9960949530795078,0.9796157827621979,0.9960949530795078,0.9796157827621979,5.545485480271719,3.8929943423786604,synthetic_chicago_authorized_2026-01-27.csv
268,syn-1-02-p02-0,2026-01-27,test,1,True,11,0.6666666666666666,0.9938914674850228,0.9764629461847256,0.9938914674850228,0.9764629461847256,5.098068712227357,3.749179341513139,synthetic_chicago_authorized_2026-01-27.csv
269,syn-1-02-p02-1,2026-01-27,test,1,True,11,0.6666666666666666,0.9927490001128148,0.9659746836100793,0.9927490001128148,0.9659746836100793,4.926615904151192,3.3806504317392534,synthetic_chicago_authorized_2026-01-27.csv
270,syn-1-02-p03-0,2026-01-27,test,1,True,11,0.6666666666666666,0.9760638380870382,0.968060770068721,0.9760638380870382,0.968060770068721,3.732364912801108,3.4439202463394243,synthetic_chicago_authorized_2026-01-27.csv
271,syn-1-02-p03-1,2026-01-27,test,1,True,11,0.6666666666666666,0.9972030392160695,0.9832842310910708,0.9972030392160695,0.9832842310910708,5.879221885621936,4.091402759035624,synthetic_chicago_authorized_2026-01-27.csv
272,syn-1-02-u00,2026-01-27,test,0,True,11,0.6666666666666666,0.07645907091043468,0.01907474067287445,0.07645907091043468,0.01907474067287445,0.07954016079101453,0.01925901056886326,synthetic_chicago_authorized_2026-01-27.csv
273,syn-1-02-u01,2026-01-27,test,0,True,11,0.6666666666666666,0.05628125033724938,0.07354331708560935,0.05628125033724938,0.07354331708560935,0.05792709190727989,0.07638798781500951,synthetic_chicago_authorized_2026-01-27.csv
274,syn-1-02-u02,2026-01-27,test,0,True,11,0.6666666666666666,0.14236640066532744,0.12292929568744217,0.14236640066532744,0.12292929568744217,0.15357831110437414,0.13116766920676462,synthetic_chicago_authorized_2026-01-27.csv
275,syn-1-02-u03,2026-01-27,test,0,True,11,0.6666666666666666,0.005272478509092087,0.020402550151994065,0.005272478509092087,0.020402550151994065,0.0052864270745169445,0.020613557165979648,synthetic_chicago_authorized_2026-01-27.csv
276,syn-1-03-p00-1,2026-01-27,test,1,True,11,0.6666666666666666,0.00770542219780049,0.999784941263082,0.00770542219780049,0.999784941263082,0.007735262349570703,8.444599372180337,synthetic_chicago_authorized_2026-01-27.csv
277,syn-1-03-p00-0,2026-01-27,test,1,True,11,0.6666666666666666,0.9987680397454007,0.9997581628142568,0.9987680397454007,0.9997581628142568,6.699148675268439,8.32724584441488,synthetic_chicago_authorized_2026-01-27.csv
278,syn-1-03-p01-0,2026-01-27,test,1,True,11,0.6666666666666666,0.9999875857572097,0.9982740414750393,0.9999875857572097,0.9982740414750393,11.296666132378814,6.361972716180476,synthetic_chicago_authorized_2026-01-27.csv
279,syn-1-03-p01-1,2026-01-27,test,1,True,11,0.6666666666666666,0.9999947286362024,0.9992063538539866,0.9999947286362024,0.9992063538539866,12.153221443776753,7.138872855985818,synthetic_chicago_authorized_2026-01-27.csv
280,syn-1-03-p02-0,2026-01-27,test,1,True,11,0.6666666666666666,0.9675227155163991,0.9871458596787557,0.9675227155163991,0.9871458596787557,3.4272143729842837,4.354089315549583,synthetic_chicago_authorized_2026-01-27.csv
281,syn-1-03-p02-1,2026-01-27,test,1,True,11,0.6666666666666666,0.9999187571656508,0.9991458711178591,0.9999187571656508,0.9991458711178591,9.418067933268624,7.065428459706505,synthetic_chicago_authorized_2026-01-27.csv
282,syn-1-03-p03-0,2026-01-27,test,1,True,11,0.6666666666666666,0.99994106084811,0.99533217755673,0.99994106084811,0.99533217755673,9.739004970136666,5.367062602284243,synthetic_chicago_authorized_2026-01-27.csv
283,syn-1-03-p03-1,2026-01-27,test,1,True,11,0.6666666666666666,0.9999505512913711,0.9991519411594083,0.9999505512913711,0.9991519411594083,9.914574614920337,7.072560537089406,synthetic_chicago_authorized_2026-01-27.csv
284,syn-1-03-u00,2026-01-27,test,0,True,11,0.6666666666666666,0.0007526767708692734,0.006291473024780445,0.0007526767708692734,0.006291473024780445,0.0007529601742463256,0.006311347745891505,synthetic_chicago_authorized_2026-01-27.csv
285,syn-1-03-u01,2026-01-27,test,0,True,11,0.6666666666666666,0.20796337245391833,0.2393172233751768,0.20796337245391833,0.2393172233751768,0.2331476413354479,0.27353885871696637,synthetic_chicago_authorized_2026-01-27.csv
286,syn-1-03-u02,2026-01-27,test,0,True,11,0.6666666666666666,0.12161830609329875,0.07607562416480391,0.12161830609329875,0.07607562416480391,0.12967404871418117,0.07912505502408654,synthetic_chicago_authorized_2026-01-27.csv
287,syn-1-03-u03,2026-01-27,test,0,True,11,0.6666666666666666,0.13883614380478373,0.041109665309722536,0.13883614380478373,0.041109665309722536,0.14947048349107767,0.04197856445378114,synthetic_chicago_authorized_2026-01-27.csv
288,syn-1-04-p00-0,2026-01-27,test,1,True,11,0.6666666666666666,0.9111021705000131,0.9837044808404926,0.9111021705000131,0.9837044808404926,2.4202675518335934,4.1168651071505815,synthetic_chicago_authorized_2026-01-27.csv
289,syn-1-04-p00-1,2026-01-27,test,1,True,11,0.6666666666666666,0.9111467354572447,0.9740207863716196,0.9111467354572447,0.9740207863716196,2.4207689828757526,3.6504585365434137,synthetic_chicago_authorized_2026-01-27.csv
290,syn-1-04-p01-0,2026-01-27,test,1,True,11,0.6666666666666666,0.9998893673139229,0.9710995030377713,0.9998893673139229,0.9710995030377713,9.109294978385922,3.5438964880867276,synthetic_chicago_authorized_2026-01-27.csv
291,syn-1-04-p01-1,2026-01-27,test,1,True,11,0.6666666666666666,0.9999453837226476,0.9849075788650462,0.9999453837226476,0.9849075788650462,9.815178599636088,4.193562572753507,synthetic_chicago_authorized_2026-01-27.csv
292,syn-1-04-p02-0,2026-01-27,test,1,True,11,0.6666666666666666,0.9855172112441372,0.876996639139122,0.9855172112441372,0.876996639139122,4.234794316931405,2.095543599910836,synthetic_chicago_authorized_2026-01-27.csv
293,syn-1-04-p02-1,2026-01-27,test,1,True,11,0.6666666666666666,0.9851835884462863,0.9291865081062446,0.9851835884462863,0.9291865081062446,4.212019823810643,2.6477057329662532,synthetic_chicago_authorized_2026-01-27.csv
294,syn-1-04-p03-0,2026-01-27,test,1,True,11,0.6666666666666666,0.9998831520876224,0.9808496856689133,0.9998831520876224,0.9808496856689133,9.05463736296975,3.9554361493342305,synthetic_chicago_authorized_2026-01-27.csv
295,syn-1-04-p03-1,2026-01-27,test,1,True,11,0.6666666666666666,0.9991666824743431,0.9826053957262606,0.9991666824743431,0.9826053957262606,7.090095805167851,4.051595220062736,synthetic_chicago_authorized_2026-01-27.csv
296,syn-1-04-u00,2026-01-27,test,0,True,11,0.6666666666666666,0.00818955675197254,0.019426048640074252,0.00818955675197254,0.019426048640074252,0.008223275391868345,0.019617214099144673,synthetic_chicago_authorized_2026-01-27.csv
297,syn-1-04-u01,2026-01-27,test,0,True,11,0.6666666666666666,0.7642950892522518,0.39756191285047054,0.7642950892522518,0.39756191285047054,1.4451746345190846,0.5067703788152825,synthetic_chicago_authorized_2026-01-27.csv
298,syn-1-04-u02,2026-01-27,test,0,True,11,0.6666666666666666,0.2533269103243017,0.3443328154302179,0.2533269103243017,0.3443328154302179,0.2921278205939215,0.4221019593736774,synthetic_chicago_authorized_2026-01-27.csv
299,syn-1-04-u03,2026-01-27,test,0,True,11,0.6666666666666666,0.030180388660630334,0.02959032932563847,0.030180388660630334,0.02959032932563847,0.030645192470215275,0.030036955744120117,synthetic_chicago_authorized_2026-01-27.csv
300,syn-1-05-p00-0,2026-01-27,test,1,True,11,0.6666666666666666,0.8831676246523277,0.941958894024586,0.8831676246523277,0.941958894024586,2.1470150608011815,2.846603795747737,synthetic_chicago_authorized_2026-01-27.csv
301,syn-1-05-p00-1,2026-01-27,test,1,True,11,0.6666666666666666,0.9605843053598725,0.9781462645976253,0.9605843053598725,0.9781462645976253,3.2335912008750234,3.8233834154215365,synthetic_chicago_authorized_2026-01-27.csv
302,syn-1-05-p01-0,2026-01-27,test,1,True,11,0.6666666666666666,0.9807451778759989,0.9945245983905623,0.9807451778759989,0.9945245983905623,3.949993749670109,5.207489652647838,synthetic_chicago_authorized_2026-01-27.csv
303,syn-1-05-p01-1,2026-01-27,test,1,True,11,0.6666666666666666,0.9994557191447956,0.993863391804054,0.9994557191447956,0.993863391804054,7.516045166384618,5.09348310054202,synthetic_chicago_authorized_2026-01-27.csv
304,syn-1-05-p02-0,2026-01-27,test,1,True,11,0.6666666666666666,0.9992739678047154,0.9974337276330166,0.9992739678047154,0.9974337276330166,7.227916198000773,5.965300873845109,synthetic_chicago_authorized_2026-01-27.csv
305,syn-1-05-u00,2026-01-27,test,0,True,11,0.6666666666666666,0.03356787003187572,0.018118699741385018,0.03356787003187572,0.018118699741385018,0.034144205284593096,0.01828485343409529,synthetic_chicago_authorized_2026-01-27.csv
306,syn-1-05-u01,2026-01-27,test,0,True,11,0.6666666666666666,0.2797875695841548,0.1826475373472655,0.2797875695841548,0.1826475373472655,0.3282090682442103,0.20168486631737298,synthetic_chicago_authorized_2026-01-27.csv
307,syn-1-05-u02,2026-01-27,test,0,True,11,0.6666666666666666,0.16997192171818698,0.18813837392410593,0.16997192171818698,0.18813837392410593,0.1862957495084934,0.20842536457868732,synthetic_chicago_authorized_2026-01-27.csv
308,syn-1-05-u03,2026-01-27,test,0,True,11,0.6666666666666666,0.052185965918006685,0.0424491038772218,0.052185965918006685,0.0424491038772218,0.053596962550471285,0.04337640412041292,synthetic_chicago_authorized_2026-01-27.csv
309,syn-1-05-p02-1,2026-01-27,test,1,True,11,0.6666666666666666,0.04472972297333984,0.9723594065038735,0.04472972297333984,0.9723594065038735,0.045760965948554916,3.588469807949721,synthetic_chicago_authorized_2026-01-27.csv
310,syn-1-05-p03-0,2026-01-27,test,1,True,11,0.6666666666666666,0.5332239997076242,0.932663890037182,0.5332239997076242,0.932663890037182,0.7619057931468504,2.698058634027712,synthetic_chicago_authorized_2026-01-27.csv
311,syn-1-05-p03-1,2026-01-27,test,1,True,11,0.6666666666666666,0.5303329290116569,0.9142413497615036,0.5303329290116569,0.9142413497615036,0.7557311948825053,2.4562183206070047,synthetic_chicago_authorized_2026-01-27.csv
312,syn-1-06-p00-0,2026-01-27,test,1,True,11,0.6666666666666666,0.9598663708292833,0.9815958957002614,0.9598663708292833,0.9815958957002614,3.215540663439321,3.995181579472925,synthetic_chicago_authorized_2026-01-27.csv
313,syn-1-06-p00-1,2026-01-27,test,1,True,11,0.6666666666666666,0.9995696544068154,0.9993242449730498,0.9995696544068154,0.9993242449730498,7.750921966994307,7.2996799337673925,synthetic_chicago_authorized_2026-01-27.csv
314,syn-1-06-p01-0,2026-01-27,test,1,True,11,0.6666666666666666,0.9988670878629867,0.9940102380158319,0.9988670878629867,0.9940102380158319,6.782963848916635,5.117703603175458,synthetic_chicago_authorized_2026-01-27.csv
315,syn-1-06-p01-1,2026-01-27,test,1,True,11,0.6666666666666666,0.9999915610161422,0.9949266591808368,0.9999915610161422,0.9949266591808368,11.682648652598935,5.283755739692848,synthetic_chicago_authorized_2026-01-27.csv
316,syn-1-06-p02-0,2026-01-27,test,1,True,11,0.6666666666666666,0.9999994354578757,0.9996956297580952,0.9999994354578757,0.9996956297580952,14.387250833904954,8.097265696595475,synthetic_chicago_authorized_2026-01-27.csv
317,syn-1-06-p02-1,2026-01-27,test,1,True,11,0.6666666666666666,0.9999988704313685,0.9994917983244831,0.9999988704313685,0.9994917983244831,13.693674740102756,7.584632190120133,synthetic_chicago_authorized_2026-01-27.csv
318,syn-1-06-u00,2026-01-27,test,0,True,11,0.6666666666666666,0.16934274208090327,0.029237109539615752,0.16934274208090327,0.029237109539615752,0.18553801454971144,0.029673031591272388,synthetic_chicago_authorized_2026-01-27.csv
319,syn-1-06-u01,2026-01-27,test,0,True,11,0.6666666666666666,0.1993690471291606,0.11294691172699682,0.1993690471291606,0.11294691172699682,0.22235517107904296,0.1198504469720385,synthetic_chicago_authorized_2026-01-27.csv
320,syn-1-06-u02,2026-01-27,test,0,True,11,0.6666666666666666,0.16657555553081146,0.09352179863918587,0.16657555553081146,0.09352179863918587,0.1822122294073849,0.09818829611352631,synthetic_chicago_authorized_2026-01-27.csv
321,syn-1-06-u03,2026-01-27,test,0,True,11,0.6666666666666666,0.0799088631557501,0.04181141433529474,0.0799088631557501,0.04181141433529474,0.08328255205811774,0.04271066687216831,synthetic_chicago_authorized_2026-01-27.csv
322,syn-1-06-p03-0,2026-01-27,test,1,True,11,0.6666666666666666,0.9983294183963651,0.9869814687417174,0.9983294183963651,0.9869814687417174,6.394583447534231,4.3413814551483725,synthetic_chicago_authorized_2026-01-27.csv
323,syn-1-06-p03-1,2026-01-27,test,1,True,11,0.6666666666666666,0.998329422652633,0.9939691804567627,0.998329422652633,0.9939691804567627,6.394585995313598,5.11087236649348,synthetic_chicago_authorized_2026-01-27.csv
324,syn-1-07-p00-0,2026-01-27,test,1,True,11,0.6666666666666666,0.9999265916159114,0.997262464400289,0.9999265916159114,0.997262464400289,9.519472404226589,5.90069717946342,synthetic_chicago_authorized_2026-01-27.csv
325,syn-1-07-p00-1,2026-01-27,test,1,True,11,0.6666666666666666,0.999869381383277,0.9949453090438678,0.999869381383277,0.9949453090438678,8.943228803631637,5.2874385646531366,synthetic_chicago_authorized_2026-01-27.csv
326,syn-1-07-p01-0,2026-01-27,test,1,True,11,0.6666666666666666,0.9948286629363118,0.9826767746079963,0.9948286629363118,0.9826767746079963,5.264624004229201,4.055707169628508,synthetic_chicago_authorized_2026-01-27.csv
327,syn-1-07-p01-1,2026-01-27,test,1,True,11,0.6666666666666666,0.9945192647805261,0.9839979564144175,0.9945192647805261,0.9839979564144175,5.20651602288385,4.135038840799476,synthetic_chicago_authorized_2026-01-27.csv
328,syn-1-07-p02-0,2026-01-27,test,1,True,11,0.6666666666666666,0.9986901504303332,0.9717608250171037,0.9986901504303332,0.9717608250171037,6.637842980678211,3.567045081270524,synthetic_chicago_authorized_2026-01-27.csv
329,syn-1-07-p02-1,2026-01-27,test,1,True,11,0.6666666666666666,0.9986620937838455,0.9659924866102555,0.9986620937838455,0.9659924866102555,6.616649412292844,3.3811737967276048,synthetic_chicago_authorized_2026-01-27.csv
330,syn-1-07-p03-0,2026-01-27,test,1,True,11,0.6666666666666666,0.9983181996234943,0.9961692017324968,0.9983181996234943,0.9961692017324968,6.387890406694864,5.564682072571475,synthetic_chicago_authorized_2026-01-27.csv
331,syn-1-07-u00,2026-01-27,test,0,True,11,0.6666666666666666,0.07404873226641608,0.016317793747744138,0.07404873226641608,0.016317793747744138,0.07693367235838611,0.01645239521881566,synthetic_chicago_authorized_2026-01-27.csv
332,syn-1-07-u01,2026-01-27,test,0,True,11,0.6666666666666666,0.08021238172566963,0.07330124516565688,0.08021238172566963,0.07330124516565688,0.08361248529075979,0.07612673404600738,synthetic_chicago_authorized_2026-01-27.csv
333,syn-1-07-u02,2026-01-27,test,0,True,11,0.6666666666666666,0.15324275227453468,0.1196229027334373,0.15324275227453468,0.1196229027334373,0.1663412278576871,0.12740494367710262,synthetic_chicago_authorized_2026-01-27.csv
334,syn-1-07-u03,2026-01-27,test,0,True,11,0.6666666666666666,0.04378062136029523,0.030278312993810123,0.04378062136029523,0.030278312993810123,0.04476791669168109,0.0307461692664779,synthetic_chicago_authorized_2026-01-27.csv
335,syn-1-07-p03-1,2026-01-27,test,1,True,11,0.6666666666666666,0.00749234865977944,0.994432013437925,0.00749234865977944,0.994432013437925,0.007520557291594583,5.190721769373358,synthetic_chicago_authorized_2026-01-27.csv
336,syn-1-08-p00-0,2026-01-27,test,1,True,11,0.6666666666666666,0.9996479209940626,0.9917899556003048,0.9996479209940626,0.9917899556003048,7.951654958865211,4.802396947530578,synthetic_chicago_authorized_2026-01-27.csv
337,syn-1-08-p00-1,2026-01-27,test,1,True,11,0.6666666666666666,0.9993461412505669,0.95842513936699,0.9993461412505669,0.95842513936699,7.33261920929402,3.180259606091327,synthetic_chicago_authorized_2026-01-27.csv
338,syn-1-08-p01-0,2026-01-27,test,1,True,11,0.6666666666666666,0.9999602132310437,0.9946999713344042,0.9999602132310437,0.9946999713344042,10.131976139226355,5.240043049835712,synthetic_chicago_authorized_2026-01-27.csv
339,syn-1-08-p01-1,2026-01-27,test,1,True,11,0.6666666666666666,0.999910602041339,0.9939154527734902,0.999910602041339,0.9939154527734902,9.322412709814728,5.102002963444219,synthetic_chicago_authorized_2026-01-27.csv
340,syn-1-08-p02-0,2026-01-27,test,1,True,11,0.6666666666666666,0.999999454232961,0.9994501354675333,0.999999454232961,0.9994501354675333,14.42107362067386,7.505838614681537,synthetic_chicago_authorized_2026-01-27.csv
341,syn-1-08-p02-1,2026-01-27,test,1,True,11,0.6666666666666666,0.999999793204562,0.9997379576878521,0.999999793204562,0.9997379576878521,15.391535754269125,8.24700457049487,synthetic_chicago_authorized_2026-01-27.csv
342,syn-1-08-p03-0,2026-01-27,test,1,True,11,0.6666666666666666,0.9999819956539895,0.9989459787960879,0.9999819956539895,0.9989459787960879,10.92489738418303,6.855142711501728,synthetic_chicago_authorized_2026-01-27.csv
343,syn-1-08-p03-1,2026-01-27,test,1,True,11,0.6666666666666666,0.9999881220418672,0.9995010227837776,0.9999881220418672,0.9995010227837776,11.340826133143969,7.602950122128122,synthetic_chicago_authorized_2026-01-27.csv
344,syn-1-08-u00,2026-01-27,test,0,True,11,0.6666666666666666,0.0028252030707197353,0.008099664466103228,0.0028252030707197353,0.008099664466103228,0.0028292014895876824,0.008132644956330723,synthetic_chicago_authorized_2026-01-27.csv
345,syn-1-08-u01,2026-01-27,test,0,True,11,0.6666666666666666,0.003218948938200606,0.07092839544466557,0.003218948938200606,0.07092839544466557,0.0032241408990991995,0.07356946611453836,synthetic_chicago_authorized_2026-01-27.csv
346,syn-1-08-u02,2026-01-27,test,0,True,11,0.6666666666666666,0.07888560013678164,0.10545206476423477,0.07888560013678164,0.10545206476423477,0.08217103777693793,0.11143678860864126,synthetic_chicago_authorized_2026-01-27.csv
347,syn-1-08-u03,2026-01-27,test,0,True,11,0.6666666666666666,0.02969824212949611,0.03842258861104119,0.02969824212949611,0.03842258861104119,0.03014816527520406,0.039180206129184714,synthetic_chicago_authorized_2026-01-27.csv
348,syn-1-09-p00-0,2026-01-27,test,1,True,11,0.6666666666666666,0.9999862055196364,0.9995708408720421,0.9999862055196364,0.9995708408720421,11.191242019457855,7.75368278017206,synthetic_chicago_authorized_2026-01-27.csv
349,syn-1-09-p00-1,2026-01-27,test,1,True,11,0.6666666666666666,0.9999984674335032,0.9981664126895714,0.9999984674335032,0.9981664126895714,13.388566778989238,6.301480952045576,synthetic_chicago_authorized_2026-01-27.csv
350,syn-1-09-p01-0,2026-01-27,test,1,True,11,0.6666666666666666,0.9999844987891279,0.9990685970650476,0.9999844987891279,0.9990685970650476,11.074592416305673,6.978818576301796,synthetic_chicago_authorized_2026-01-27.csv
351,syn-1-09-p01-1,2026-01-27,test,1,True,11,0.6666666666666666,0.9999908692467596,0.9996503311855376,0.9999908692467596,0.9996503311855376,11.60386236507018,7.958524095845894,synthetic_chicago_authorized_2026-01-27.csv
352,syn-1-09-p02-0,2026-01-27,test,1,True,11,0.6666666666666666,0.999999575733639,0.9995467268229525,0.999999575733639,0.9995467268229525,14.672904368993327,7.699015574396702,synthetic_chicago_authorized_2026-01-27.csv
353,syn-1-09-p02-1,2026-01-27,test,1,True,11,0.6666666666666666,0.9999996892282378,0.9997675750825994,0.9999996892282378,0.9997675750825994,14.98420707777387,8.366943321003442,synthetic_chicago_authorized_2026-01-27.csv
354,syn-1-09-p03-0,2026-01-27,test,1,True,11,0.6666666666666666,0.9999973533367826,0.9982337838413933,0.9999973533367826,0.9982337838413933,12.842210874626351,6.338915784173612,synthetic_chicago_authorized_2026-01-27.csv
355,syn-1-09-p03-1,2026-01-27,test,1,True,11,0.6666666666666666,0.9999984770464939,0.99889447225424,0.9999984770464939,0.99889447225424,13.394859012338017,6.807432460053147,synthetic_chicago_authorized_2026-01-27.csv
356,syn-1-09-u00,2026-01-27,test,0,True,11,0.6666666666666666,0.05147774870898045,0.021366455604845434,0.05147774870898045,0.021366455604845434,0.05285003042939596,0.021598022771451418,synthetic_chicago_authorized_2026-01-27.csv
357,syn-1-09-u01,2026-01-27,test,0,True,11,0.6666666666666666,0.029139196425738305,0.05393188487401363,0.029139196425738305,0.05393188487401363,0.029572174649465106,0.055440709217946936,synthetic_chicago_authorized_2026-01-27.csv
358,syn-1-09-u02,2026-01-27,test,0,True,11,0.6666666666666666,0.08024886657863213,0.07303603904224988,0.08024886657863213,0.07303603904224988,0.08365215268339682,0.07584059124024542,synthetic_chicago_authorized_2026-01-27.csv
359,syn-1-09-u03,2026-01-27,test,0,True,11,0.6666666666666666,0.052306834561160975,0.029670372295913676,0.052306834561160975,0.029670372295913676,0.05372449426688858,0.030119442835907735,synthetic_chicago_authorized_2026-01-27.csv
360,syn-1-10-p00-0,2026-01-27,test,1,True,11,0.6666666666666666,2.7506345381113158e-05,0.980581168574118,2.7506345381113158e-05,0.980581168574118,2.7506723687568507e-05,3.941511991673963,synthetic_chicago_authorized_2026-01-27.csv
361,syn-1-10-p00-1,2026-01-27,test,1,True,11,0.6666666666666666,0.9998748388022047,0.99937645970531,0.9998748388022047,0.99937645970531,8.9859080690969,7.3800971683245296,synthetic_chicago_authorized_2026-01-27.csv
362,syn-1-10-p01-0,2026-01-27,test,1,True,11,0.6666666666666666,0.9999999303820399,0.9992986382319803,0.9999999303820399,0.9992986382319803,16.4802432557909,7.262486729842376,synthetic_chicago_authorized_2026-01-27.csv
363,syn-1-10-p01-1,2026-01-27,test,1,True,11,0.6666666666666666,0.9999999766400046,0.9991240613536518,0.9999999766400046,0.9991240613536518,17.572240878894,7.040214507896076,synthetic_chicago_authorized_2026-01-27.csv
364,syn-1-10-p02-0,2026-01-27,test,1,True,11,0.6666666666666666,0.9999999933794551,0.9994666808811665,0.9999999933794551,0.9994666808811665,18.83308815950906,7.536390590946958,synthetic_chicago_authorized_2026-01-27.csv
365,syn-1-10-p02-1,2026-01-27,test,1,True,11,0.6666666666666666,0.9998880982610513,0.9987896499092056,0.9998880982610513,0.9987896499092056,9.09788940256442,6.716845629986651,synthetic_chicago_authorized_2026-01-27.csv
366,syn-1-10-p03-0,2026-01-27,test,1,True,11,0.6666666666666666,0.9999998417942153,0.9943376766000842,0.9999998417942153,0.9943376766000842,15.659369216403691,5.17392097631217,synthetic_chicago_authorized_2026-01-27.csv
367,syn-1-10-p03-1,2026-01-27,test,1,True,11,0.6666666666666666,0.9999993483065349,0.990344719048197,0.9999993483065349,0.990344719048197,14.243691531161193,4.640250264425803,synthetic_chicago_authorized_2026-01-27.csv
368,syn-1-10-u00,2026-01-27,test,0,True,11,0.6666666666666666,0.08949175684506712,0.01920421327267787,0.08949175684506712,0.01920421327267787,0.09375232641785863,0.019391009560515836,synthetic_chicago_authorized_2026-01-27.csv
369,syn-1-10-u01,2026-01-27,test,0,True,11,0.6666666666666666,0.13557927847338855,0.19864207914135878,0.13557927847338855,0.19864207914135878,0.14569568248655834,0.22144758919801527,synthetic_chicago_authorized_2026-01-27.csv
370,syn-1-10-u02,2026-01-27,test,0,True,11,0.6666666666666666,0.3004236985505606,0.24689731551817146,0.3004236985505606,0.24689731551817146,0.3572804108404875,0.2835536933056582,synthetic_chicago_authorized_2026-01-27.csv
371,syn-1-10-u03,2026-01-27,test,0,True,11,0.6666666666666666,0.026303238258531515,0.026956720654653654,0.026303238258531515,0.026956720654653654,0.02665535672805845,0.027326717471532345,synthetic_chicago_authorized_2026-01-27.csv
372,syn-1-11-p00-0,2026-01-27,test,1,True,11,0.6666666666666666,0.9497136006118247,0.9963994833463249,0.9497136006118247,0.9963994833463249,2.990020628335494,5.626677928907604,synthetic_chicago_authorized_2026-01-27.csv
373,syn-1-11-p00-1,2026-01-27,test,1,True,11,0.6666666666666666,0.9965684031327,0.9992443196680508,0.9965684031327,0.9992443196680508,5.6747295671636575,7.187892112544423,synthetic_chicago_authorized_2026-01-27.csv
374,syn-1-11-p01-0,2026-01-27,test,1,True,11,0.6666666666666666,0.9213730735947643,0.9965630116359726,0.9213730735947643,0.9965630116359726,2.5430410630822124,5.673159666622812,synthetic_chicago_authorized_2026-01-27.csv
375,syn-1-11-p02-0,2026-01-27,test,1,True,11,0.6666666666666666,0.9998553467428465,0.9968948108833042,0.9998553467428465,0.9968948108833042,8.841171009315373,5.77468065830308,synthetic_chicago_authorized_2026-01-27.csv
376,syn-1-11-p02-1,2026-01-27,test,1,True,11,0.6666666666666666,0.9996657346614947,0.9917435123186233,0.9996657346614947,0.9917435123186233,8.003575453714756,4.796756002053304,synthetic_chicago_authorized_2026-01-27.csv
377,syn-1-11-p03-1,2026-01-27,test,1,True,11,0.6666666666666666,0.9440774562471811,0.9954099832578456,0.9440774562471811,0.9954099832578456,2.8837876929492126,5.383871607388146,synthetic_chicago_authorized_2026-01-27.csv
378,syn-1-11-u00,2026-01-27,test,0,True,11,0.6666666666666666,0.06660737809865655,0.016298034258938176,0.06660737809865655,0.016298034258938176,0.06892935003875623,0.016432308151848353,synthetic_chicago_authorized_2026-01-27.csv
379,syn-1-11-u01,2026-01-27,test,0,True,11,0.6666666666666666,0.0962618166722575,0.11601375243339757,0.0962618166722575,0.11601375243339757,0.1012155807506681,0.12331377351686051,synthetic_chicago_authorized_2026-01-27.csv
380,syn-1-11-u02,2026-01-27,test,0,True,11,0.6666666666666666,0.09521787318793228,0.08616828737590465,0.09521787318793228,0.08616828737590465,0.10006110811973319,0.09010884633597234,synthetic_chicago_authorized_2026-01-27.csv
381,syn-1-11-u03,2026-01-27,test,0,True,11,0.6666666666666666,0.045316524372068595,0.02964269457045354,0.045316524372068595,0.02964269457045354,0.046375432572551806,0.030090919198231335,synthetic_chicago_authorized_2026-01-27.csv
382,syn-1-11-p01-1,2026-01-27,test,1,True,11,0.6666666666666666,0.22834795970409882,0.9963500935832416,0.22834795970409882,0.9963500935832416,0.2592215555697178,5.6130537509606775,synthetic_chicago_authorized_2026-01-27.csv
383,syn-1-11-p03-0,2026-01-27,test,1,True,11,0.6666666666666666,0.22787781370265442,0.9824096077306989,0.22787781370265442,0.9824096077306989,0.2586124690752286,4.040402419782003,synthetic_chicago_authorized_2026-01-27.csv
384,syn-1-12-p00-0,2026-01-27,test,1,True,11,0.6666666666666666,0.9970650870128307,0.9820659006791813,0.9970650870128307,0.9820659006791813,5.831077472761906,4.021051388337879,synthetic_chicago_authorized_2026-01-27.csv
385,syn-1-12-p00-1,2026-01-27,test,1,True,11,0.6666666666666666,0.9871289647014806,0.9724113236556823,0.9871289647014806,0.9724113236556823,4.352775817834044,3.5903498678256183,synthetic_chicago_authorized_2026-01-27.csv
386,syn-1-12-p01-0,2026-01-27,test,1,True,11,0.6666666666666666,0.9723575971958998,0.9432925336682434,0.9723575971958998,0.9432925336682434,3.58840435173007,2.8698493955815616,synthetic_chicago_authorized_2026-01-27.csv
387,syn-1-12-p02-1,2026-01-27,test,1,True,11,0.6666666666666666,0.8513268772819738,0.9689208763683381,0.8513268772819738,0.9689208763683381,1.906005190218643,3.471218951059714,synthetic_chicago_authorized_2026-01-27.csv
388,syn-1-12-u00,2026-01-27,test,0,True,11,0.6666666666666666,0.02366152658468542,0.016064629312620943,0.02366152658468542,0.016064629312620943,0.02394595615697808,0.01619506428267513,synthetic_chicago_authorized_2026-01-27.csv
389,syn-1-12-u01,2026-01-27,test,0,True,11,0.6666666666666666,0.20304079870043942,0.16028818444345957,0.20304079870043942,0.16028818444345957,0.22695179184151387,0.17469652272746305,synthetic_chicago_authorized_2026-01-27.csv
390,syn-1-12-u02,2026-01-27,test,0,True,11,0.6666666666666666,0.562156189319907,0.2691849647186594,0.562156189319907,0.2691849647186594,0.8258930288221773,0.3135948809606652,synthetic_chicago_authorized_2026-01-27.csv
391,syn-1-12-u03,2026-01-27,test,0,True,11,0.6666666666666666,0.03113706028986128,0.027366498763851988,0.03113706028986128,0.027366498763851988,0.03163212218324674,0.02774793657569889,synthetic_chicago_authorized_2026-01-27.csv
392,syn-1-12-p01-1,2026-01-27,test,1,True,11,0.6666666666666666,0.23678488254495403,0.9776494067271911,0.23678488254495403,0.9776494067271911,0.2702153510580645,3.8009024136301717,synthetic_chicago_authorized_2026-01-27.csv
393,syn-1-12-p02-0,2026-01-27,test,1,True,11,0.6666666666666666,0.7526259294612331,0.9659672275034795,0.7526259294612331,0.9659672275034795,1.396853632363012,3.380431321659859,synthetic_chicago_authorized_2026-01-27.csv
394,syn-1-12-p03-0,2026-01-27,test,1,True,11,0.6666666666666666,0.9407385950826133,0.9277364396356373,0.9407385950826133,0.9277364396356373,2.8257970294331862,2.6274352828965606,synthetic_chicago_authorized_2026-01-27.csv
395,syn-1-12-p03-1,2026-01-27,test,1,True,11,0.6666666666666666,0.8216067773132364,0.9071076195125257,0.8216067773132364,0.9071076195125257,1.723765048981815,2.376313654960117,synthetic_chicago_authorized_2026-01-27.csv
396,syn-1-13-p00-0,2026-01-27,test,1,True,11,0.6666666666666666,0.9989238017266958,0.9618817101606858,0.9989238017266958,0.9618817101606858,6.834320565347892,3.2670610637598303,synthetic_chicago_authorized_2026-01-27.csv
397,syn-1-13-p00-1,2026-01-27,test,1,True,11,0.6666666666666666,0.9991236595862193,0.9904258804572603,0.9991236595862193,0.9904258804572603,7.039755942307155,4.648691701904308,synthetic_chicago_authorized_2026-01-27.csv
398,syn-1-13-p01-1,2026-01-27,test,1,True,11,0.6666666666666666,0.7146783507545559,0.9987299452305616,0.7146783507545559,0.9987299452305616,1.2541381412530879,6.668695253899468,synthetic_chicago_authorized_2026-01-27.csv
399,syn-1-13-u00,2026-01-27,test,0,True,11,0.6666666666666666,0.011929679367111439,0.009134497315236634,0.011929679367111439,0.009134497315236634,0.012001409037425834,0.00917647264707194,synthetic_chicago_authorized_2026-01-27.csv
400,syn-1-13-u01,2026-01-27,test,0,True,11,0.6666666666666666,0.4697382278254907,0.2622047296089002,0.4697382278254907,0.2622047296089002,0.6343844846060238,0.30408890426149676,synthetic_chicago_authorized_2026-01-27.csv
401,syn-1-13-u02,2026-01-27,test,0,True,11,0.6666666666666666,0.07967679507058445,0.07996961174364882,0.07967679507058445,0.07996961174364882,0.08303036092797042,0.08334857877112786,synthetic_chicago_authorized_2026-01-27.csv
402,syn-1-13-u03,2026-01-27,test,0,True,11,0.6666666666666666,0.014598760249967065,0.026329877618618176,0.014598760249967065,0.026329877618618176,0.014706370754501805,0.026682716092444804,synthetic_chicago_authorized_2026-01-27.csv
403,syn-1-13-p01-0,2026-01-27,test,1,True,11,0.6666666666666666,0.5602932093470996,0.9972485904830133,0.5602932093470996,0.9972485904830133,0.8216471590826956,5.895641946981852,synthetic_chicago_authorized_2026-01-27.csv
404,syn-1-13-p02-0,2026-01-27,test,1,True,11,0.6666666666666666,0.8839391335750924,0.9819638992791395,0.8839391335750924,0.9819638992791395,2.1536405149286737,4.0153799340043985,synthetic_chicago_authorized_2026-01-27.csv
405,syn-1-13-p02-1,2026-01-27,test,1,True,11,0.6666666666666666,0.8934554606686628,0.9784204685002172,0.8934554606686628,0.9784204685002172,2.239192171574036,3.8360100293144708,synthetic_chicago_authorized_2026-01-27.csv
406,syn-1-13-p03-0,2026-01-27,test,1,True,11,0.6666666666666666,0.9419665722791872,0.9786888669462651,0.9419665722791872,0.9786888669462651,2.846736094441823,3.8485256642365226,synthetic_chicago_authorized_2026-01-27.csv
407,syn-1-13-p03-1,2026-01-27,test,1,True,11,0.6666666666666666,0.9310873383323169,0.9726182080819372,0.9310873383323169,0.9726182080819372,2.6749153490842064,3.5978770150229216,synthetic_chicago_authorized_2026-01-27.csv
408,syn-1-14-p00-0,2026-01-27,test,1,True,11,0.6666666666666666,0.9998474205913122,0.994410306414213,0.9998474205913122,0.994410306414213,8.787825384733651,5.186830808024663,synthetic_chicago_authorized_2026-01-27.csv
409,syn-1-14-p00-1,2026-01-27,test,1,True,11,0.6666666666666666,0.999893476074225,0.9976806693383045,0.999893476074225,0.9976806693383045,9.147140942881222,6.066476642820199,synthetic_chicago_authorized_2026-01-27.csv
410,syn-1-14-p01-0,2026-01-27,test,1,True,11,0.6666666666666666,0.9924134160869157,0.9893997978094439,0.9924134160869157,0.9893997978094439,4.881373866217292,4.546882203465269,synthetic_chicago_authorized_2026-01-27.csv
411,syn-1-14-u00,2026-01-27,test,0,True,11,0.6666666666666666,0.08776490623090735,0.018671921953385472,0.08776490623090735,0.018671921953385472,0.0918575438713275,0.018848443067231123,synthetic_chicago_authorized_2026-01-27.csv
412,syn-1-14-u01,2026-01-27,test,0,True,11,0.6666666666666666,0.09220204974589712,0.061485129794859414,0.09220204974589712,0.061485129794859414,0.09673344688906374,0.06345657842991001,synthetic_chicago_authorized_2026-01-27.csv
413,syn-1-14-u02,2026-01-27,test,0,True,11,0.6666666666666666,0.1442695191860096,0.06511069364941871,0.1442695191860096,0.06511069364941871,0.15579981128101433,0.06732714563183215,synthetic_chicago_authorized_2026-01-27.csv
414,syn-1-14-u03,2026-01-27,test,0,True,11,0.6666666666666666,0.10151034244766789,0.024645712741450016,0.10151034244766789,0.024645712741450016,0.10704008361794819,0.02495450244051109,synthetic_chicago_authorized_2026-01-27.csv
415,syn-1-14-p01-1,2026-01-27,test,1,True,11,0.6666666666666666,0.16952527653925806,0.9791715847659358,0.16952527653925806,0.9791715847659358,0.18575778571917367,3.871437107541424,synthetic_chicago_authorized_2026-01-27.csv
416,syn-1-14-p02-0,2026-01-27,test,1,True,11,0.6666666666666666,0.38344048752555154,0.9954379447614831,0.38344048752555154,0.9954379447614831,0.4836004282314603,5.389982046794103,synthetic_chicago_authorized_2026-01-27.csv
417,syn-1-14-p02-1,2026-01-27,test,1,True,11,0.6666666666666666,0.4136945238052747,0.9924576066210647,0.4136945238052747,0.9924576066210647,0.5339143347950976,4.88721572306873,synthetic_chicago_authorized_2026-01-27.csv
418,syn-1-14-p03-0,2026-01-27,test,1,True,11,0.6666666666666666,0.9985804661325088,0.9290773764022463,0.9985804661325088,0.9290773764022463,6.5574267235890416,2.6461658046962295,synthetic_chicago_authorized_2026-01-27.csv
419,syn-1-14-p03-1,2026-01-27,test,1,True,11,0.6666666666666666,0.9985815774269977,0.9334798640631997,0.9985815774269977,0.9334798640631997,6.558209888918713,2.710250581111688,synthetic_chicago_authorized_2026-01-27.csv
420,syn-1-15-p00-0,2026-01-27,test,1,True,11,0.6666666666666666,0.9982678369828738,0.9309323948006615,0.9982678369828738,0.9309323948006615,6.35838435252836,2.6726694685637344,synthetic_chicago_authorized_2026-01-27.csv
421,syn-1-15-p00-1,2026-01-27,test,1,True,11,0.6666666666666666,0.9985429563264496,0.9526586115868126,0.9985429563264496,0.9526586115868126,6.531345777235185,3.0503703467841805,synthetic_chicago_authorized_2026-01-27.csv
422,syn-1-15-p01-0,2026-01-27,test,1,True,11,0.6666666666666666,0.9810737770642682,0.8766944770843016,0.9810737770642682,0.8766944770843016,3.967206861628485,2.0930900773113557,synthetic_chicago_authorized_2026-01-27.csv
423,syn-1-15-p01-1,2026-01-27,test,1,True,11,0.6666666666666666,0.7995960037249793,0.8722479603605611,0.7995960037249793,0.8722479603605611,1.6074199684781372,2.0576640841593266,synthetic_chicago_authorized_2026-01-27.csv
424,syn-1-15-p02-0,2026-01-27,test,1,True,11,0.6666666666666666,0.999198636840707,0.964901953236192,0.999198636840707,0.964901953236192,7.129196331254375,3.3496097978134687,synthetic_chicago_authorized_2026-01-27.csv
425,syn-1-15-p02-1,2026-01-27,test,1,True,11,0.6666666666666666,0.9970650412641305,0.9620851921946283,0.9970650412641305,0.9620851921946283,5.8310618851298806,3.272413535934221,synthetic_chicago_authorized_2026-01-27.csv
426,syn-1-15-p03-1,2026-01-27,test,1,True,11,0.6666666666666666,0.11731817566059803,0.9464822199244388,0.11731817566059803,0.9464822199244388,0.12479047815083824,2.927741342431215,synthetic_chicago_authorized_2026-01-27.csv
427,syn-1-15-u00,2026-01-27,test,0,True,11,0.6666666666666666,0.0017010934229403077,0.011422872305608343,0.0017010934229403077,0.011422872305608343,0.00170254192528204,0.011488614433575019,synthetic_chicago_authorized_2026-01-27.csv
428,syn-1-15-u01,2026-01-27,test,0,True,11,0.6666666666666666,0.1598703880505191,0.09885207653045934,0.1598703880505191,0.09885207653045934,0.17419909910793085,0.1040858578576455,synthetic_chicago_authorized_2026-01-27.csv
429,syn-1-15-u02,2026-01-27,test,0,True,11,0.6666666666666666,0.21463065175021367,0.12482808147912501,0.21463065175021367,0.12482808147912501,0.2416011645290237,0.1333349336142864,synthetic_chicago_authorized_2026-01-27.csv
430,syn-1-15-u03,2026-01-27,test,0,True,11,0.6666666666666666,0.14732209134756982,0.042255527277739166,0.14732209134756982,0.042255527277739166,0.15937340109591436,0.04317426652504194,synthetic_chicago_authorized_2026-01-27.csv
431,syn-1-15-p03-0,2026-01-27,test,1,True,11,0.6666666666666666,0.00869226715035358,0.9393319353646911,0.00869226715035358,0.9393319353646911,0.008730265257836156,2.8023378373997883,synthetic_chicago_authorized_2026-01-27.csv
432,syn-1-16-p00-0,2026-01-27,test,1,True,11,0.6666666666666666,0.9998215427585327,0.9907402554493986,0.9998215427585327,0.9907402554493986,8.631161529040645,4.682078817032704,synthetic_chicago_authorized_2026-01-27.csv
433,syn-1-16-p00-1,2026-01-27,test,1,True,11,0.6666666666666666,0.9998149009196434,0.9898897709866642,0.9998149009196434,0.9898897709866642,8.594619306756943,4.594207594046489,synthetic_chicago_authorized_2026-01-27.csv
434,syn-1-16-p01-0,2026-01-27,test,1,True,11,0.6666666666666666,0.9950950771610001,0.9913743455555027,0.9950950771610001,0.9913743455555027,5.3175159171793,4.753014441320409,synthetic_chicago_authorized_2026-01-27.csv
435,syn-1-16-p01-1,2026-01-27,test,1,True,11,0.6666666666666666,0.9999227442067736,0.9820464825360296,0.9999227442067736,0.9820464825360296,9.468388651776143,4.019969224249737,synthetic_chicago_authorized_2026-01-27.csv
436,syn-1-16-p02-0,2026-01-27,test,1,True,11,0.6666666666666666,0.9952528288512469,0.9796241548252478,0.9952528288512469,0.9796241548252478,5.35020638597544,3.893405139746086,synthetic_chicago_authorized_2026-01-27.csv
437,syn-1-16-p02-1,2026-01-27,test,1,True,11,0.6666666666666666,0.999999750993766,0.9957772122496809,0.999999750993766,0.9957772122496809,15.205787904836292,5.4672597646961805,synthetic_chicago_authorized_2026-01-27.csv
438,syn-1-16-p03-0,2026-01-27,test,1,True,11,0.6666666666666666,0.9999986091326241,0.9894178422863181,0.9999986091326241,0.9894178422863181,13.485582993964444,4.54858593065342,synthetic_chicago_authorized_2026-01-27.csv
439,syn-1-16-p03-1,2026-01-27,test,1,True,11,0.6666666666666666,0.9999983100344227,0.9892881209035932,0.9999983100344227,0.9892881209035932,13.290802397703473,4.536401957400162,synthetic_chicago_authorized_2026-01-27.csv
440,syn-1-16-u00,2026-01-27,test,0,True,11,0.6666666666666666,0.0020582781941665437,0.007777046363606758,0.0020582781941665437,0.007777046363606758,0.0020603993598613548,0.007807445300542616,synthetic_chicago_authorized_2026-01-27.csv
441,syn-1-16-u01,2026-01-27,test,0,True,11,0.6666666666666666,0.18939928499799136,0.14755207760068417,0.18939928499799136,0.14755207760068417,0.2099796827231703,0.15964315978506305,synthetic_chicago_authorized_2026-01-27.csv
442,syn-1-16-u02,2026-01-27,test,0,True,11,0.6666666666666666,0.09534488801427404,0.08938561959685616,0.09534488801427404,0.08938561959685616,0.10020149964459733,0.09363576397779212,synthetic_chicago_authorized_2026-01-27.csv
443,syn-1-16-u03,2026-01-27,test,0,True,11,0.6666666666666666,0.04672873456066612,0.03128468092888682,0.04672873456066612,0.03128468092888682,0.04785577213836487,0.03178449862393205,synthetic_chicago_authorized_2026-01-27.csv
444,syn-1-17-p00-0,2026-01-27,test,1,True,11,0.6666666666666666,0.7829730483685879,0.9503759918782834,0.7829730483685879,0.9503759918782834,1.5277337320875763,3.0032805276462398,synthetic_chicago_authorized_2026-01-27.csv
445,syn-1-17-p00-1,2026-01-27,test,1,True,11,0.6666666666666666,0.8232341705152313,0.9465249218553526,0.8232341705152313,0.9465249218553526,1.7329294196030354,2.9285395626842563,synthetic_chicago_authorized_2026-01-27.csv
446,syn-1-17-p01-0,2026-01-27,test,1,True,11,0.6666666666666666,0.3415610661770029,0.8401570916741155,0.3415610661770029,0.8401570916741155,0.41788349737157615,1.8335637690154143,synthetic_chicago_authorized_2026-01-27.csv
447,syn-1-17-p01-1,2026-01-27,test,1,True,11,0.6666666666666666,0.5059833811549895,0.938341443612627,0.5059833811549895,0.938341443612627,0.7051861209734124,2.7861432692637766,synthetic_chicago_authorized_2026-01-27.csv
448,syn-1-17-p02-0,2026-01-27,test,1,True,11,0.6666666666666666,0.9997300992184992,0.9925603820328704,0.9997300992184992,0.9925603820328704,8.217456142424545,4.900935779959612,synthetic_chicago_authorized_2026-01-27.csv
449,syn-1-17-p02-1,2026-01-27,test,1,True,11,0.6666666666666666,0.9995878705371919,0.9862380309385859,0.9995878705371919,0.9862380309385859,7.7941730278578,4.285846356321356,synthetic_chicago_authorized_2026-01-27.csv
450,syn-1-17-p03-0,2026-01-27,test,1,True,11,0.6666666666666666,0.9997257815460442,0.9917230491233494,0.9997257815460442,0.9917230491233494,8.201585492022014,4.794280630018491,synthetic_chicago_authorized_2026-01-27.csv
451,syn-1-17-p03-1,2026-01-27,test,1,True,11,0.6666666666666666,0.9997178497934692,0.9925054068798611,0.9997178497934692,0.9925054068798611,8.173070981560313,4.893573435740531,synthetic_chicago_authorized_2026-01-27.csv
452,syn-1-17-u00,2026-01-27,test,0,True,11,0.6666666666666666,0.0019840647679272303,0.0092152855941318,0.0019840647679272303,0.0092152855941318,0.0019860356317413412,0.009258009013321813,synthetic_chicago_authorized_2026-01-27.csv
453,syn-1-17-u01,2026-01-27,test,0,True,11,0.6666666666666666,0.04889028787011968,0.07907250620270344,0.04889028787011968,0.07907250620270344,0.05012585807513138,0.08237397134452559,synthetic_chicago_authorized_2026-01-27.csv
454,syn-1-17-u02,2026-01-27,test,0,True,11,0.6666666666666666,0.14955021578674013,0.18253044270444865,0.14955021578674013,0.18253044270444865,0.16198991155449272,0.20154161568630943,synthetic_chicago_authorized_2026-01-27.csv
455,syn-1-17-u03,2026-01-27,test,0,True,11,0.6666666666666666,0.03494239094119767,0.03614528510796014,0.03494239094119767,0.03614528510796014,0.03556748091850514,0.03681470642249382,synthetic_chicago_authorized_2026-01-27.csv
456,syn-1-18-p00-0,2026-01-27,test,1,True,11,0.6666666666666666,0.9999926766971918,0.9932462365274264,0.9999926766971918,0.9932462365274264,11.824449128450281,4.997655377979393,synthetic_chicago_authorized_2026-01-27.csv
457,syn-1-18-p00-1,2026-01-27,test,1,True,11,0.6666666666666666,0.9999819729240758,0.9903280062510261,0.9999819729240758,0.9903280062510261,10.923635712258996,4.638520811971144,synthetic_chicago_authorized_2026-01-27.csv
458,syn-1-18-p01-0,2026-01-27,test,1,True,11,0.6666666666666666,0.9995302792252337,0.9650143173654623,0.9995302792252337,0.9650143173654623,7.663372136047297,3.352816368768328,synthetic_chicago_authorized_2026-01-27.csv
459,syn-1-18-p01-1,2026-01-27,test,1,True,11,0.6666666666666666,0.9999328570446823,0.9910124607691114,0.9999328570446823,0.9910124607691114,9.608686550138167,4.711916190894312,synthetic_chicago_authorized_2026-01-27.csv
460,syn-1-18-p02-0,2026-01-27,test,1,True,11,0.6666666666666666,0.9961268642475954,0.9885348336853774,0.9961268642475954,0.9885348336853774,5.553690828094382,4.468441856486807,synthetic_chicago_authorized_2026-01-27.csv
461,syn-1-18-p02-1,2026-01-27,test,1,True,11,0.6666666666666666,0.9995467285436234,0.97804404820722,0.9995467285436234,0.97804404820722,7.69901937050518,3.818717023925436,synthetic_chicago_authorized_2026-01-27.csv
462,syn-1-18-p03-0,2026-01-27,test,1,True,11,0.6666666666666666,0.9999045051804878,0.9888865903068182,0.9999045051804878,0.9888865903068182,9.256438557894594,4.499602819339046,synthetic_chicago_authorized_2026-01-27.csv
463,syn-1-18-p03-1,2026-01-27,test,1,True,11,0.6666666666666666,0.9998833090455123,0.9893989112360541,0.9998833090455123,0.9893989112360541,9.05598153249248,4.5467985695589865,synthetic_chicago_authorized_2026-01-27.csv
464,syn-1-18-u00,2026-01-27,test,0,True,11,0.6666666666666666,0.029522645462946834,0.017804848020091458,0.029522645462946834,0.017804848020091458,0.02996721045566192,0.017965261267907224,synthetic_chicago_authorized_2026-01-27.csv
465,syn-1-18-u01,2026-01-27,test,0,True,11,0.6666666666666666,0.16884152542703304,0.20026247150782026,0.16884152542703304,0.20026247150782026,0.18493479885104105,0.22347169453208232,synthetic_chicago_authorized_2026-01-27.csv
466,syn-1-18-u02,2026-01-27,test,0,True,11,0.6666666666666666,0.09068183981548797,0.061170884896964185,0.09068183981548797,0.061170884896964185,0.09506023484020677,0.06312180238109916,synthetic_chicago_authorized_2026-01-27.csv
467,syn-1-18-u03,2026-01-27,test,0,True,11,0.6666666666666666,0.03503896896841513,0.029353323402212705,0.03503896896841513,0.029353323402212705,0.035667560809229455,0.029792752710100352,synthetic_chicago_authorized_2026-01-27.csv
468,syn-1-19-p00-0,2026-01-27,test,1,True,11,0.6666666666666666,0.7528256937008085,0.977209112650786,0.7528256937008085,0.977209112650786,1.3976614977197535,3.7813945005802045,synthetic_chicago_authorized_2026-01-27.csv
469,syn-1-19-p00-1,2026-01-27,test,1,True,11,0.6666666666666666,0.755205196029122,0.9831183037462056,0.755205196029122,0.9831183037462056,1.4073349541783906,4.081525305894139,synthetic_chicago_authorized_2026-01-27.csv
470,syn-1-19-u02,2026-01-27,test,0,True,11,0.6666666666666666,0.03061838601451044,0.20244204742133148,0.03061838601451044,0.20244204742133148,0.031096922136645187,0.22620077915307218,synthetic_chicago_authorized_2026-01-27.csv
471,syn-1-19-u03,2026-01-27,test,0,True,11,0.6666666666666666,0.017752867429176283,0.03173880458097905,0.017752867429176283,0.03173880458097905,0.017912339793617952,0.03225339812479392,synthetic_chicago_authorized_2026-01-27.csv
472,syn-1-19-p01-0,2026-01-27,test,1,True,11,0.6666666666666666,0.9113609994146469,0.9374103528574926,0.9113609994146469,0.9374103528574926,2.4231833310314608,2.771155395663153,synthetic_chicago_authorized_2026-01-27.csv
473,syn-1-19-p01-1,2026-01-27,test,1,True,11,0.6666666666666666,0.9959152104414216,0.9109005185584348,0.9959152104414216,0.9109005185584348,5.500485067645029,2.418001764482296,synthetic_chicago_authorized_2026-01-27.csv
474,syn-1-19-p02-0,2026-01-27,test,1,True,11,0.6666666666666666,0.9980200508993979,0.9851545515891011,0.9980200508993979,0.9851545515891011,6.224684141372741,4.210061965032052,synthetic_chicago_authorized_2026-01-27.csv
475,syn-1-19-p02-1,2026-01-27,test,1,True,11,0.6666666666666666,0.997642085220686,0.9858266871771668,0.997642085220686,0.9858266871771668,6.049977618608245,4.256394461296564,synthetic_chicago_authorized_2026-01-27.csv
476,syn-1-19-p03-0,2026-01-27,test,1,True,11,0.6666666666666666,0.9993424056580229,0.9912945829803134,0.9993424056580229,0.9912945829803134,7.326922318308794,4.743809801144167,synthetic_chicago_authorized_2026-01-27.csv
477,syn-1-19-p03-1,2026-01-27,test,1,True,11,0.6666666666666666,0.9994100853422062,0.9599332435092501,0.9994100853422062,0.9599332435092501,7.435532679334152,3.2172083036860157,synthetic_chicago_authorized_2026-01-27.csv
478,syn-1-19-u00,2026-01-27,test,0,True,11,0.6666666666666666,0.0024828169524350728,0.013786027340727182,0.0024828169524350728,0.013786027340727182,0.0024859042536392634,0.01388193711232002,synthetic_chicago_authorized_2026-01-27.csv
479,syn-1-19-u01,2026-01-27,test,0,True,11,0.6666666666666666,0.4478705685700291,0.20017934073598814,0.4478705685700291,0.20017934073598814,0.5939727829623225,0.22336775236537243,synthetic_chicago_authorized_2026-01-27.csv
